,year,구,성별,차량종류,발생건수,대형사고,중대사고-여객,중대사고-화물,사망자수,치사율
0,2018,강동구,남성,승용,683,0,0,0,5,0.73
1,2018,강동구,남성,승합,106,0,0,0,1,0.94
2,2018,강동구,남성,화물,134,0,0,9,1,0.75
3,2018,강동구,남성,특수,7,0,0,0,0,0.0
4,2018,강동구,남성,이륜,90,0,0,0,0,0.0
5,2018,강동구,남성,원동기,23,0,0,0,0,0.0
6,2018,강동구,남성,자전거,49,0,0,0,0,0.0
7,2018,강동구,남성,건설기계,13,0,0,0,2,15.38
8,2018,강동구,남성,개인형이동수단(PM),2,0,0,0,0,0.0
9,2018,강동구,남성,기타,2,0,0,0,0,0.0
10,2018,강동구,여성,승용,234,0,0,0,3,1.28
11,2018,강동구,여성,승합,5,0,0,0,0,0.0
12,2018,강동구,여성,화물,1,0,0,0,0,0.0
13,2018,강동구,여성,원동기,2,0,0,0,0,0.0
14,2018,강동구,여성,자전거,15,0,0,0,0,0.0
15,2018,강동구,여성,기타,1,0,0,0,0,0.0
16,2018,강동구,알수없음,자전거,2,0,0,0,0,0.0
17,2018,강동구,알수없음,기타,49,0,0,0,0,0.0
18,2018,동대문구,남성,승용,799,0,0,0,6,0.75
19,2018,동대문구,남성,승합,109,0,0,0,0,0.0
20,2018,동대문구,남성,화물,169,0,0,13,5,2.96
21,2018,동대문구,남성,이륜,190,0,0,0,1,0.53
22,2018,동대문구,남성,원동기,49,0,0,0,0,0.0
23,2018,동대문구,남성,자전거,76,0,0,0,1,1.32
24,2018,동대문구,남성,건설기계,13,0,0,0,0,0.0
25,2018,동대문구,남성,사륜오토바이(AVT),1,0,0,0,0,0.0
26,2018,동대문구,남성,개인형이동수단(PM),3,0,0,0,0,0.0
27,2018,동대문구,남성,기타,2,0,0,0,0,0.0
28,2018,동대문구,여성,승용,208,0,0,0,1,0.48
29,2018,동대문구,여성,승합,2,0,0,0,0,0.0
30,2018,동대문구,여성,화물,3,0,0,0,0,0.0
31,2018,동대문구,여성,이륜,7,0,0,0,0,0.0
32,2018,동대문구,여성,원동기,1,0,0,0,0,0.0
33,2018,동대문구,여성,자전거,29,0,0,0,0,0.0
34,2018,동대문구,여성,개인형이동수단(PM),2,0,0,0,0,0.0
35,2018,동대문구,알수없음,승용,2,0,0,0,0,0.0
36,2018,동대문구,알수없음,이륜,1,0,0,0,0,0.0
37,2018,동대문구,알수없음,사륜오토바이(AVT),1,0,0,0,0,0.0
38,2018,동대문구,알수없음,기타,32,0,0,0,0,0.0
39,2018,동작구,남성,승용,689,0,0,0,1,0.15
40,2018,동작구,남성,승합,113,0,0,0,4,3.54
41,2018,동작구,남성,화물,92,0,0,11,2,2.17
42,2018,동작구,남성,특수,5,0,0,0,0,0.0
43,2018,동작구,남성,이륜,146,0,0,0,1,0.68
44,2018,동작구,남성,원동기,37,0,0,0,0,0.0
45,2018,동작구,남성,자전거,45,0,0,0,0,0.0
46,2018,동작구,남성,건설기계,6,0,0,0,0,0.0
47,2018,동작구,남성,개인형이동수단(PM),1,0,0,0,0,0.0
48,2018,동작구,여성,승용,218,0,0,0,1,0.46
49,2018,동작구,여성,승합,2,0,0,0,0,0.0
50,2018,동작구,여성,이륜,10,0,0,0,0,0.0
51,2018,동작구,여성,원동기,1,0,0,0,0,0.0
52,2018,동작구,여성,자전거,18,0,0,0,0,0.0
53,2018,동작구,여성,기타,1,0,0,0,0,0.0
54,2018,동작구,알수없음,기타,28,0,0,0,0,0.0
55,2018,마포구,남성,승용,994,0,0,0,3,0.3
56,2018,마포구,남성,승합,100,0,0,0,3,3.0
57,2018,마포구,남성,화물,99,0,0,10,0,0.0
58,2018,마포구,남성,특수,5,0,0,0,0,0.0
59,2018,마포구,남성,이륜,93,0,0,0,2,2.15
60,2018,마포구,남성,원동기,36,0,0,0,0,0.0
61,2018,마포구,남성,자전거,36,0,0,0,1,2.78
62,2018,마포구,남성,건설기계,19,0,0,0,1,5.26
63,2018,마포구,남성,개인형이동수단(PM),3,0,0,0,0,0.0
64,2018,마포구,남성,기타,2,0,0,0,0,0.0
65,2018,마포구,여성,승용,203,0,0,0,1,0.49
66,2018,마포구,여성,승합,6,0,0,0,0,0.0
67,2018,마포구,여성,화물,4,0,0,0,0,0.0
68,2018,마포구,여성,이륜,5,0,0,0,0,0.0
69,2018,마포구,여성,원동기,2,0,0,0,0,0.0
70,2018,마포구,여성,자전거,9,0,0,0,0,0.0
71,2018,마포구,여성,개인형이동수단(PM),1,0,0,0,0,0.0
72,2018,마포구,알수없음,이륜,1,0,0,0,0,0.0
73,2018,마포구,알수없음,기타,53,0,0,0,0,0.0
74,2018,서대문구,남성,승용,519,0,0,0,3,0.58
75,2018,서대문구,남성,승합,99,0,0,0,1,1.01
76,2018,서대문구,남성,화물,70,0,0,7,0,0.0
77,2018,서대문구,남성,특수,1,0,0,0,0,0.0
78,2018,서대문구,남성,이륜,102,0,0,0,1,0.98
79,2018,서대문구,남성,원동기,26,0,0,0,0,0.0
80,2018,서대문구,남성,자전거,24,0,0,0,0,0.0
81,2018,서대문구,남성,건설기계,6,0,0,0,0,0.0
82,2018,서대문구,남성,사륜오토바이(AVT),1,0,0,0,0,0.0
83,2018,서대문구,남성,기타,1,0,0,0,0,0.0
84,2018,서대문구,여성,승용,153,0,0,0,0,0.0
85,2018,서대문구,여성,승합,2,0,0,0,0,0.0
86,2018,서대문구,여성,화물,1,0,0,0,0,0.0
87,2018,서대문구,여성,이륜,2,0,0,0,0,0.0
88,2018,서대문구,여성,원동기,1,0,0,0,0,0.0
89,2018,서대문구,여성,자전거,6,0,0,0,0,0.0
90,2018,서대문구,알수없음,기타,19,0,0,0,0,0.0
91,2018,서초구,남성,승용,1413,0,0,0,8,0.57
92,2018,서초구,남성,승합,194,1,0,0,1,0.52
93,2018,서초구,남성,화물,147,0,0,14,3,2.04
94,2018,서초구,남성,특수,3,0,0,0,0,0.0
95,2018,서초구,남성,이륜,117,0,0,0,3,2.56
96,2018,서초구,남성,원동기,10,0,0,0,0,0.0
97,2018,서초구,남성,자전거,28,0,0,0,0,0.0
98,2018,서초구,남성,건설기계,18,0,0,0,1,5.56
99,2018,서초구,남성,개인형이동수단(PM),1,0,0,0,0,0.0
100,2018,서초구,여성,승용,461,0,0,0,2,0.43
101,2018,서초구,여성,승합,10,0,0,0,0,0.0
102,2018,서초구,여성,화물,3,0,0,1,0,0.0
103,2018,서초구,여성,이륜,3,0,0,0,0,0.0
104,2018,서초구,여성,자전거,7,0,0,0,0,0.0
105,2018,서초구,알수없음,승용,2,0,0,0,0,0.0
106,2018,서초구,알수없음,자전거,1,0,0,0,0,0.0
107,2018,서초구,알수없음,기타,60,0,0,0,0,0.0
108,2018,성동구,남성,승용,608,0,0,0,3,0.49
109,2018,성동구,남성,승합,53,0,0,0,0,0.0
110,2018,성동구,남성,화물,126,0,0,9,2,1.59
111,2018,성동구,남성,특수,4,0,0,0,0,0.0
112,2018,성동구,남성,이륜,123,0,0,0,3,2.44
113,2018,성동구,남성,원동기,10,0,0,0,0,0.0
114,2018,성동구,남성,자전거,36,0,0,0,1,2.78
115,2018,성동구,남성,건설기계,9,0,0,0,0,0.0
116,2018,성동구,남성,개인형이동수단(PM),1,0,0,0,0,0.0
117,2018,성동구,여성,승용,109,0,0,0,0,0.0
118,2018,성동구,여성,승합,4,0,0,0,0,0.0
119,2018,성동구,여성,화물,1,0,0,0,0,0.0
120,2018,성동구,여성,이륜,3,0,0,0,0,0.0
121,2018,성동구,여성,원동기,1,0,0,0,0,0.0
122,2018,성동구,여성,자전거,10,0,0,0,0,0.0
123,2018,성동구,여성,개인형이동수단(PM),2,0,0,0,0,0.0
124,2018,성동구,알수없음,승용,1,0,0,0,0,0.0
125,2018,성동구,알수없음,자전거,1,0,0,0,0,0.0
126,2018,성동구,알수없음,기타,41,0,0,0,0,0.0
127,2018,성북구,남성,승용,745,0,0,0,6,0.81
128,2018,성북구,남성,승합,100,0,0,0,1,1.0
129,2018,성북구,남성,화물,127,0,0,6,2,1.57
130,2018,성북구,남성,이륜,157,0,0,0,3,1.91
131,2018,성북구,남성,원동기,33,0,0,0,0,0.0
132,2018,성북구,남성,자전거,28,0,0,0,0,0.0
133,2018,성북구,남성,건설기계,8,0,0,0,1,12.5
134,2018,성북구,남성,사륜오토바이(AVT),1,0,0,0,0,0.0
135,2018,성북구,남성,개인형이동수단(PM),3,0,0,0,0,0.0
136,2018,성북구,남성,기타,1,0,0,0,0,0.0
137,2018,성북구,여성,승용,163,0,0,0,1,0.61
138,2018,성북구,여성,승합,5,0,0,0,0,0.0
139,2018,성북구,여성,화물,1,0,0,0,0,0.0
140,2018,성북구,여성,이륜,6,0,0,0,0,0.0
141,2018,성북구,여성,원동기,2,0,0,0,0,0.0
142,2018,성북구,여성,자전거,13,0,0,0,0,0.0
143,2018,성북구,여성,기타,3,0,0,0,0,0.0
144,2018,성북구,알수없음,이륜,1,0,0,0,0,0.0
145,2018,성북구,알수없음,기타,30,0,0,0,0,0.0
146,2018,송파구,남성,승용,1429,0,1,0,16,1.12
147,2018,송파구,남성,승합,165,0,0,0,0,0.0
148,2018,송파구,남성,화물,218,0,0,21,3,1.38
149,2018,송파구,남성,특수,11,0,0,0,0,0.0
150,2018,송파구,남성,이륜,187,0,0,0,1,0.53
151,2018,송파구,남성,원동기,82,0,0,0,2,2.44
152,2018,송파구,남성,자전거,132,0,0,0,0,0.0
153,2018,송파구,남성,건설기계,21,0,0,0,1,4.76
154,2018,송파구,남성,농기계,1,0,0,0,0,0.0
155,2018,송파구,남성,사륜오토바이(AVT),3,0,0,0,0,0.0
156,2018,송파구,남성,기타,8,0,0,0,0,0.0
157,2018,송파구,여성,승용,454,0,0,0,4,0.88
158,2018,송파구,여성,승합,13,0,0,0,0,0.0
159,2018,송파구,여성,화물,7,0,0,0,0,0.0
160,2018,송파구,여성,이륜,1,0,0,0,0,0.0
161,2018,송파구,여성,원동기,4,0,0,0,0,0.0
162,2018,송파구,여성,자전거,44,0,0,0,0,0.0
163,2018,송파구,여성,기타,2,0,0,0,0,0.0
164,2018,송파구,알수없음,승용,1,0,0,0,0,0.0
165,2018,송파구,알수없음,자전거,2,0,0,0,0,0.0
166,2018,송파구,알수없음,기타,75,0,0,0,0,0.0
167,2018,양천구,남성,승용,738,0,0,0,4,0.54
168,2018,양천구,남성,승합,96,1,0,0,0,0.0
169,2018,양천구,남성,화물,131,0,0,8,0,0.0
170,2018,양천구,남성,특수,3,0,0,0,0,0.0
171,2018,양천구,남성,이륜,95,0,0,0,3,3.16
172,2018,양천구,남성,원동기,13,0,0,0,0,0.0
173,2018,양천구,남성,자전거,39,0,0,0,0,0.0
174,2018,양천구,남성,건설기계,12,0,0,0,2,16.67
175,2018,양천구,남성,사륜오토바이(AVT),2,0,0,0,0,0.0
176,2018,양천구,여성,승용,238,0,0,0,2,0.84
177,2018,양천구,여성,승합,5,0,0,0,0,0.0
178,2018,양천구,여성,화물,1,0,0,0,0,0.0
179,2018,양천구,여성,이륜,2,0,0,0,0,0.0
180,2018,양천구,여성,자전거,7,0,0,0,0,0.0
181,2018,양천구,알수없음,기타,46,0,0,0,0,0.0
182,2018,영등포구,남성,승용,1290,0,0,0,9,0.7
183,2018,영등포구,남성,승합,165,0,0,0,2,1.21
184,2018,영등포구,남성,화물,201,0,0,20,5,2.49
185,2018,영등포구,남성,특수,9,0,0,0,0,0.0
186,2018,영등포구,남성,이륜,231,0,0,0,1,0.43
187,2018,영등포구,남성,원동기,12,0,0,0,0,0.0
188,2018,영등포구,남성,자전거,127,0,0,0,3,2.36
189,2018,영등포구,남성,건설기계,20,0,0,0,1,5.0
190,2018,영등포구,남성,개인형이동수단(PM),3,0,0,0,0,0.0
191,2018,영등포구,남성,기타,1,0,0,0,0,0.0
192,2018,영등포구,여성,승용,298,0,0,0,0,0.0
193,2018,영등포구,여성,승합,4,0,0,0,0,0.0
194,2018,영등포구,여성,화물,4,0,0,0,0,0.0
195,2018,영등포구,여성,이륜,12,0,0,0,0,0.0
196,2018,영등포구,여성,원동기,1,0,0,0,0,0.0
197,2018,영등포구,여성,자전거,34,0,0,0,1,2.94
198,2018,영등포구,알수없음,이륜,1,0,0,0,0,0.0
199,2018,영등포구,알수없음,원동기,2,0,0,0,0,0.0
200,2018,영등포구,알수없음,건설기계,1,0,0,0,0,0.0
201,2018,영등포구,알수없음,기타,77,0,0,0,0,0.0
202,2018,강북구,남성,승용,596,0,0,0,6,1.01
203,2018,강북구,남성,승합,108,0,0,0,3,2.78
204,2018,강북구,남성,화물,92,0,0,6,1,1.09
205,2018,강북구,남성,특수,2,0,0,0,0,0.0
206,2018,강북구,남성,이륜,153,1,0,0,0,0.0
207,2018,강북구,남성,원동기,17,0,0,0,0,0.0
208,2018,강북구,남성,자전거,35,0,0,0,1,2.86
209,2018,강북구,남성,건설기계,7,0,0,0,1,14.29
210,2018,강북구,남성,사륜오토바이(AVT),1,0,0,0,0,0.0
211,2018,강북구,남성,기타,1,0,0,0,0,0.0
212,2018,강북구,여성,승용,149,0,0,0,1,0.67
213,2018,강북구,여성,승합,4,0,0,0,0,0.0
214,2018,강북구,여성,이륜,8,0,0,0,0,0.0
215,2018,강북구,여성,원동기,1,0,0,0,0,0.0
216,2018,강북구,여성,자전거,6,0,0,0,0,0.0
217,2018,강북구,여성,개인형이동수단(PM),1,0,0,0,0,0.0
218,2018,강북구,여성,기타,1,0,0,0,0,0.0
219,2018,강북구,알수없음,승용,1,0,0,0,0,0.0
220,2018,강북구,알수없음,기타,33,0,0,0,0,0.0
221,2018,용산구,남성,승용,849,0,0,0,9,1.06
222,2018,용산구,남성,승합,62,0,0,0,0,0.0
223,2018,용산구,남성,화물,62,0,0,3,2,3.23
224,2018,용산구,남성,이륜,101,0,0,0,3,2.97
225,2018,용산구,남성,원동기,4,0,0,0,0,0.0
226,2018,용산구,남성,자전거,22,0,0,0,0,0.0
227,2018,용산구,남성,건설기계,5,0,0,0,0,0.0
228,2018,용산구,남성,개인형이동수단(PM),2,0,0,0,0,0.0
229,2018,용산구,남성,기타,2,0,0,0,0,0.0
230,2018,용산구,여성,승용,156,0,0,0,0,0.0
231,2018,용산구,여성,승합,2,0,0,0,0,0.0
232,2018,용산구,여성,화물,3,0,0,0,0,0.0
233,2018,용산구,여성,이륜,1,0,0,0,0,0.0
234,2018,용산구,여성,자전거,4,0,0,0,0,0.0
235,2018,용산구,알수없음,승용,1,0,0,0,0,0.0
236,2018,용산구,알수없음,이륜,1,0,0,0,0,0.0
237,2018,용산구,알수없음,기타,53,0,0,0,0,0.0
238,2018,은평구,남성,승용,554,0,0,0,3,0.54
239,2018,은평구,남성,승합,102,0,0,0,3,2.94
240,2018,은평구,남성,화물,83,0,0,4,2,2.41
241,2018,은평구,남성,특수,1,0,0,0,0,0.0
242,2018,은평구,남성,이륜,96,0,0,0,1,1.04
243,2018,은평구,남성,원동기,34,0,0,0,2,5.88
244,2018,은평구,남성,자전거,40,0,0,0,1,2.5
245,2018,은평구,남성,건설기계,8,0,0,0,0,0.0
246,2018,은평구,남성,개인형이동수단(PM),2,0,0,0,0,0.0
247,2018,은평구,남성,기타,2,0,0,0,0,0.0
248,2018,은평구,여성,승용,145,0,0,0,0,0.0
249,2018,은평구,여성,승합,3,0,0,0,0,0.0
250,2018,은평구,여성,화물,2,0,0,0,0,0.0
251,2018,은평구,여성,원동기,1,0,0,0,0,0.0
252,2018,은평구,여성,자전거,10,0,0,0,0,0.0
253,2018,은평구,여성,기타,1,0,0,0,0,0.0
254,2018,은평구,알수없음,자전거,1,0,0,0,0,0.0
255,2018,은평구,알수없음,기타,49,0,0,0,0,0.0
256,2018,종로구,남성,승용,644,0,0,0,2,0.31
257,2018,종로구,남성,승합,96,0,0,0,2,2.08
258,2018,종로구,남성,화물,82,0,0,10,1,1.22
259,2018,종로구,남성,특수,2,0,0,0,0,0.0
260,2018,종로구,남성,이륜,89,0,0,0,1,1.12
261,2018,종로구,남성,원동기,32,0,0,0,0,0.0
262,2018,종로구,남성,자전거,17,0,0,0,0,0.0
263,2018,종로구,남성,건설기계,2,0,0,0,0,0.0
264,2018,종로구,남성,개인형이동수단(PM),3,0,0,0,0,0.0
265,2018,종로구,여성,승용,127,0,0,0,0,0.0
266,2018,종로구,여성,승합,3,0,0,0,0,0.0
267,2018,종로구,여성,화물,1,0,0,0,0,0.0
268,2018,종로구,여성,이륜,4,0,0,0,0,0.0
269,2018,종로구,여성,원동기,2,0,0,0,0,0.0
270,2018,종로구,여성,자전거,4,0,0,0,0,0.0
271,2018,종로구,알수없음,기타,26,0,0,0,0,0.0
272,2018,중구,남성,승용,667,0,0,0,4,0.6
273,2018,중구,남성,승합,107,0,0,0,2,1.87
274,2018,중구,남성,화물,80,0,0,8,0,0.0
275,2018,중구,남성,이륜,71,0,0,0,1,1.41
276,2018,중구,남성,원동기,24,0,0,0,0,0.0
277,2018,중구,남성,자전거,9,0,0,0,1,11.11
278,2018,중구,남성,건설기계,7,0,0,0,0,0.0
279,2018,중구,남성,사륜오토바이(AVT),1,0,0,0,0,0.0
280,2018,중구,남성,기타,5,0,0,0,0,0.0
281,2018,중구,여성,승용,110,0,0,0,1,0.91
282,2018,중구,여성,승합,5,0,0,0,0,0.0
283,2018,중구,여성,이륜,1,0,0,0,0,0.0
284,2018,중구,여성,자전거,4,0,0,0,0,0.0
285,2018,중구,여성,기타,1,0,0,0,0,0.0
286,2018,중구,알수없음,승용,1,0,0,0,0,0.0
287,2018,중구,알수없음,자전거,1,0,0,0,0,0.0
288,2018,중구,알수없음,기타,34,0,0,0,0,0.0
289,2018,중랑구,남성,승용,740,0,0,0,4,0.54
290,2018,중랑구,남성,승합,101,0,0,0,1,0.99
291,2018,중랑구,남성,화물,144,0,0,5,2,1.39
292,2018,중랑구,남성,특수,4,0,0,0,1,25.0
293,2018,중랑구,남성,이륜,194,0,0,0,1,0.52
294,2018,중랑구,남성,원동기,12,0,0,0,0,0.0
295,2018,중랑구,남성,자전거,58,0,0,0,1,1.72
296,2018,중랑구,남성,건설기계,9,0,0,0,0,0.0
297,2018,중랑구,남성,개인형이동수단(PM),3,0,0,0,0,0.0
298,2018,중랑구,여성,승용,231,0,0,0,0,0.0
299,2018,중랑구,여성,승합,5,0,0,0,0,0.0
300,2018,중랑구,여성,화물,1,0,0,0,0,0.0
301,2018,중랑구,여성,이륜,5,0,0,0,0,0.0
302,2018,중랑구,여성,자전거,20,0,0,0,0,0.0
303,2018,중랑구,여성,개인형이동수단(PM),1,0,0,0,0,0.0
304,2018,중랑구,여성,기타,1,0,0,0,0,0.0
305,2018,중랑구,알수없음,승용,1,0,0,0,0,0.0
306,2018,중랑구,알수없음,기타,35,0,0,0,0,0.0
307,2018,강서구,남성,승용,782,0,0,0,4,0.51
308,2018,강서구,남성,승합,145,1,0,0,1,0.69
309,2018,강서구,남성,화물,99,0,0,11,2,2.02
310,2018,강서구,남성,특수,1,0,0,0,1,100.0
311,2018,강서구,남성,이륜,125,1,0,0,2,1.6
312,2018,강서구,남성,원동기,27,0,0,0,0,0.0
313,2018,강서구,남성,자전거,48,0,0,0,1,2.08
314,2018,강서구,남성,건설기계,16,0,0,0,0,0.0
315,2018,강서구,남성,사륜오토바이(AVT),1,0,0,0,0,0.0
316,2018,강서구,남성,개인형이동수단(PM),2,0,0,0,0,0.0
317,2018,강서구,여성,승용,206,0,0,0,0,0.0
318,2018,강서구,여성,승합,7,0,0,0,0,0.0
319,2018,강서구,여성,화물,1,0,0,0,0,0.0
320,2018,강서구,여성,자전거,10,0,0,0,0,0.0
321,2018,강서구,알수없음,화물,1,0,0,0,0,0.0
322,2018,강서구,알수없음,자전거,1,0,0,0,0,0.0
323,2018,강서구,알수없음,기타,30,0,0,0,0,0.0
324,2018,관악구,남성,승용,707,0,0,0,3,0.42
325,2018,관악구,남성,승합,103,0,0,0,1,0.97
326,2018,관악구,남성,화물,85,0,0,9,1,1.18
327,2018,관악구,남성,특수,3,0,0,0,0,0.0
328,2018,관악구,남성,이륜,136,0,0,0,2,1.47
329,2018,관악구,남성,원동기,12,0,0,0,0,0.0
330,2018,관악구,남성,자전거,17,0,0,0,1,5.88
331,2018,관악구,남성,건설기계,4,0,0,0,0,0.0
332,2018,관악구,남성,개인형이동수단(PM),1,0,0,0,0,0.0
333,2018,관악구,남성,기타,1,0,0,0,0,0.0
334,2018,관악구,여성,승용,169,0,0,0,0,0.0
335,2018,관악구,여성,승합,5,0,0,0,0,0.0
336,2018,관악구,여성,화물,5,0,0,0,0,0.0
337,2018,관악구,여성,이륜,6,0,0,0,0,0.0
338,2018,관악구,여성,원동기,2,0,0,0,0,0.0
339,2018,관악구,여성,자전거,7,0,0,0,0,0.0
340,2018,관악구,여성,기타,1,0,0,0,0,0.0
341,2018,관악구,알수없음,이륜,2,0,0,0,0,0.0
342,2018,관악구,알수없음,자전거,1,0,0,0,0,0.0
343,2018,관악구,알수없음,기타,33,0,0,0,0,0.0
344,2018,광진구,남성,승용,624,0,0,0,5,0.8
345,2018,광진구,남성,승합,54,0,0,0,1,1.85
346,2018,광진구,남성,화물,67,0,0,3,1,1.49
347,2018,광진구,남성,특수,1,0,0,0,0,0.0
348,2018,광진구,남성,이륜,90,0,0,0,0,0.0
349,2018,광진구,남성,원동기,20,0,0,0,0,0.0
350,2018,광진구,남성,자전거,44,0,0,0,2,4.55
351,2018,광진구,남성,건설기계,4,0,0,0,0,0.0
352,2018,광진구,남성,개인형이동수단(PM),3,0,0,0,0,0.0
353,2018,광진구,남성,기타,2,0,0,0,0,0.0
354,2018,광진구,여성,승용,127,0,0,0,1,0.79
355,2018,광진구,여성,승합,2,0,0,0,0,0.0
356,2018,광진구,여성,화물,2,0,0,0,0,0.0
357,2018,광진구,여성,이륜,3,0,0,0,0,0.0
358,2018,광진구,여성,자전거,26,0,0,0,0,0.0
359,2018,광진구,여성,개인형이동수단(PM),1,0,0,0,0,0.0
360,2018,광진구,여성,기타,1,0,0,0,0,0.0
361,2018,광진구,알수없음,이륜,1,0,0,0,0,0.0
362,2018,광진구,알수없음,기타,36,0,0,0,0,0.0
363,2018,구로구,남성,승용,767,0,0,0,3,0.39
364,2018,구로구,남성,승합,124,0,0,0,4,3.23
365,2018,구로구,남성,화물,175,0,0,16,0,0.0
366,2018,구로구,남성,특수,2,0,0,0,0,0.0
367,2018,구로구,남성,이륜,163,0,0,0,1,0.61
368,2018,구로구,남성,원동기,6,0,0,0,0,0.0
369,2018,구로구,남성,자전거,42,0,0,0,0,0.0
370,2018,구로구,남성,건설기계,13,0,0,0,3,23.08
371,2018,구로구,남성,개인형이동수단(PM),4,0,0,0,0,0.0
372,2018,구로구,남성,기타,1,0,0,0,0,0.0
373,2018,구로구,여성,승용,193,0,0,0,2,1.04
374,2018,구로구,여성,승합,6,0,0,0,0,0.0
375,2018,구로구,여성,화물,4,0,0,1,0,0.0
376,2018,구로구,여성,이륜,3,0,0,0,0,0.0
377,2018,구로구,여성,원동기,1,0,0,0,0,0.0
378,2018,구로구,여성,자전거,10,0,0,0,0,0.0
379,2018,구로구,알수없음,자전거,1,0,0,0,0,0.0
380,2018,구로구,알수없음,기타,17,0,0,0,0,0.0
381,2018,금천구,남성,승용,498,0,0,0,3,0.6
382,2018,금천구,남성,승합,73,1,1,0,0,0.0
383,2018,금천구,남성,화물,79,0,0,8,2,2.53
384,2018,금천구,남성,특수,3,0,0,0,0,0.0
385,2018,금천구,남성,이륜,96,0,0,0,0,0.0
386,2018,금천구,남성,원동기,4,0,0,0,0,0.0
387,2018,금천구,남성,자전거,22,0,0,0,0,0.0
388,2018,금천구,남성,건설기계,11,0,0,0,1,9.09
389,2018,금천구,남성,사륜오토바이(AVT),1,0,0,0,0,0.0
390,2018,금천구,남성,기타,1,0,0,0,0,0.0
391,2018,금천구,여성,승용,118,0,0,0,0,0.0
392,2018,금천구,여성,승합,4,0,0,0,0,0.0
393,2018,금천구,여성,화물,1,0,0,0,0,0.0
394,2018,금천구,여성,이륜,5,0,0,0,0,0.0
395,2018,금천구,여성,자전거,3,0,0,0,0,0.0
396,2018,금천구,알수없음,기타,13,0,0,0,0,0.0
397,2018,노원구,남성,승용,830,0,0,0,7,0.84
398,2018,노원구,남성,승합,93,0,0,0,1,1.08
399,2018,노원구,남성,화물,95,0,0,8,1,1.05
400,2018,노원구,남성,특수,3,0,0,0,0,0.0
401,2018,노원구,남성,이륜,115,0,0,0,2,1.74
402,2018,노원구,남성,원동기,13,0,0,0,0,0.0
403,2018,노원구,남성,자전거,61,0,0,0,1,1.64
404,2018,노원구,남성,건설기계,18,0,0,0,1,5.56
405,2018,노원구,남성,개인형이동수단(PM),1,0,0,0,0,0.0
406,2018,노원구,남성,기타,1,0,0,0,0,0.0
407,2018,노원구,여성,승용,274,0,0,0,1,0.36
408,2018,노원구,여성,승합,6,0,0,0,0,0.0
409,2018,노원구,여성,화물,2,0,0,0,0,0.0
410,2018,노원구,여성,이륜,3,0,0,0,0,0.0
411,2018,노원구,여성,자전거,24,0,0,0,0,0.0
412,2018,노원구,알수없음,자전거,1,0,0,0,0,0.0
413,2018,노원구,알수없음,기타,29,0,0,0,0,0.0
414,2018,도봉구,남성,승용,393,0,0,0,1,0.25
415,2018,도봉구,남성,승합,80,0,0,0,3,3.75
416,2018,도봉구,남성,화물,62,0,0,4,0,0.0
417,2018,도봉구,남성,이륜,79,0,0,0,0,0.0
418,2018,도봉구,남성,원동기,11,0,0,0,0,0.0
419,2018,도봉구,남성,자전거,34,0,0,0,1,2.94
420,2018,도봉구,남성,건설기계,4,0,0,0,1,25.0
421,2018,도봉구,남성,사륜오토바이(AVT),1,0,0,0,0,0.0
422,2018,도봉구,남성,개인형이동수단(PM),1,0,0,0,0,0.0
423,2018,도봉구,남성,기타,1,0,0,0,0,0.0
424,2018,도봉구,여성,승용,127,0,0,0,0,0.0
425,2018,도봉구,여성,승합,4,0,0,0,0,0.0
426,2018,도봉구,여성,화물,1,0,0,0,0,0.0
427,2018,도봉구,여성,자전거,10,0,0,0,0,0.0
428,2018,도봉구,알수없음,자전거,1,0,0,0,0,0.0
429,2018,도봉구,알수없음,기타,15,0,0,0,0,0.0
430,2018,강남구,남성,승용,2182,1,1,0,10,0.46
431,2018,강남구,남성,승합,111,0,0,0,3,2.7
432,2018,강남구,남성,화물,154,0,0,11,3,1.95
433,2018,강남구,남성,특수,7,0,0,0,0,0.0
434,2018,강남구,남성,이륜,190,0,0,0,2,1.05
435,2018,강남구,남성,원동기,15,0,0,0,0,0.0
436,2018,강남구,남성,자전거,45,0,0,0,1,2.22
437,2018,강남구,남성,건설기계,11,0,0,0,0,0.0
438,2018,강남구,남성,개인형이동수단(PM),2,0,0,0,0,0.0
439,2018,강남구,남성,기타,3,0,0,0,0,0.0
440,2018,강남구,여성,승용,642,0,0,0,1,0.16
441,2018,강남구,여성,승합,4,0,0,0,0,0.0
442,2018,강남구,여성,화물,1,0,0,0,0,0.0
443,2018,강남구,여성,이륜,4,0,0,0,0,0.0
444,2018,강남구,여성,자전거,13,0,0,0,0,0.0
445,2018,강남구,여성,개인형이동수단(PM),1,0,0,0,0,0.0
446,2018,강남구,알수없음,승용,1,0,0,0,0,0.0
447,2018,강남구,알수없음,자전거,1,0,0,0,0,0.0
448,2018,강남구,알수없음,기타,72,0,0,0,0,0.0
449,2019,강동구,남성,승용,644,0,0,0,5,0.78
450,2019,강동구,남성,승합,111,0,0,0,0,0.0
451,2019,강동구,남성,화물,157,0,0,10,1,0.64
452,2019,강동구,남성,특수,13,0,0,0,0,0.0
453,2019,강동구,남성,이륜,109,0,0,0,2,1.83
454,2019,강동구,남성,원동기,19,0,0,0,1,5.26
455,2019,강동구,남성,자전거,47,0,0,0,0,0.0
456,2019,강동구,남성,건설기계,7,0,0,0,0,0.0
457,2019,강동구,남성,사륜오토바이(AVT),2,0,0,0,0,0.0
458,2019,강동구,남성,개인형이동수단(PM),1,0,0,0,0,0.0
459,2019,강동구,남성,기타,1,0,0,0,0,0.0
460,2019,강동구,여성,승용,219,0,0,0,2,0.91
461,2019,강동구,여성,승합,6,0,0,0,0,0.0
462,2019,강동구,여성,화물,3,0,0,0,0,0.0
463,2019,강동구,여성,원동기,1,0,0,0,0,0.0
464,2019,강동구,여성,자전거,23,0,0,0,0,0.0
465,2019,강동구,여성,개인형이동수단(PM),1,0,0,0,0,0.0
466,2019,강동구,알수없음,기타,50,0,0,0,0,0.0
467,2019,동대문구,남성,승용,689,0,0,0,7,1.02
468,2019,동대문구,남성,승합,90,0,0,0,0,0.0
469,2019,동대문구,남성,화물,175,0,0,18,0,0.0
470,2019,동대문구,남성,특수,3,0,0,0,0,0.0
471,2019,동대문구,남성,이륜,213,0,0,0,5,2.35
472,2019,동대문구,남성,원동기,34,0,0,0,0,0.0
473,2019,동대문구,남성,자전거,85,0,0,0,0,0.0
474,2019,동대문구,남성,건설기계,8,0,0,0,0,0.0
475,2019,동대문구,남성,개인형이동수단(PM),3,0,0,0,0,0.0
476,2019,동대문구,남성,기타,2,0,0,0,0,0.0
477,2019,동대문구,여성,승용,197,0,0,0,2,1.02
478,2019,동대문구,여성,승합,4,0,0,0,0,0.0
479,2019,동대문구,여성,화물,1,0,0,0,0,0.0
480,2019,동대문구,여성,이륜,11,0,0,0,0,0.0
481,2019,동대문구,여성,원동기,3,0,0,0,0,0.0
482,2019,동대문구,여성,자전거,24,0,0,0,1,4.17
483,2019,동대문구,알수없음,승용,1,0,0,0,0,0.0
484,2019,동대문구,알수없음,이륜,1,0,0,0,0,0.0
485,2019,동대문구,알수없음,자전거,1,0,0,0,0,0.0
486,2019,동대문구,알수없음,기타,20,0,0,0,0,0.0
487,2019,동작구,남성,승용,629,0,0,0,3,0.48
488,2019,동작구,남성,승합,135,0,0,0,0,0.0
489,2019,동작구,남성,화물,103,1,0,5,0,0.0
490,2019,동작구,남성,특수,2,0,0,0,0,0.0
491,2019,동작구,남성,이륜,180,0,0,0,1,0.56
492,2019,동작구,남성,원동기,25,0,0,0,0,0.0
493,2019,동작구,남성,자전거,42,0,0,0,0,0.0
494,2019,동작구,남성,건설기계,11,0,0,0,0,0.0
495,2019,동작구,남성,개인형이동수단(PM),1,0,0,0,0,0.0
496,2019,동작구,여성,승용,230,0,0,0,1,0.43
497,2019,동작구,여성,승합,2,0,0,0,0,0.0
498,2019,동작구,여성,이륜,8,0,0,0,0,0.0
499,2019,동작구,여성,원동기,1,0,0,0,0,0.0
500,2019,동작구,여성,자전거,10,0,0,0,0,0.0
501,2019,동작구,알수없음,승용,1,0,0,0,0,0.0
502,2019,동작구,알수없음,이륜,2,0,0,0,0,0.0
503,2019,동작구,알수없음,자전거,1,0,0,0,0,0.0
504,2019,동작구,알수없음,기타,23,0,0,0,0,0.0
505,2019,마포구,남성,승용,768,0,0,0,3,0.39
506,2019,마포구,남성,승합,110,0,1,0,0,0.0
507,2019,마포구,남성,화물,99,0,0,6,1,1.01
508,2019,마포구,남성,특수,2,0,0,0,0,0.0
509,2019,마포구,남성,이륜,122,0,0,0,0,0.0
510,2019,마포구,남성,원동기,43,0,0,0,0,0.0
511,2019,마포구,남성,자전거,40,0,0,0,0,0.0
512,2019,마포구,남성,건설기계,10,0,0,0,1,10.0
513,2019,마포구,남성,개인형이동수단(PM),2,0,0,0,1,50.0
514,2019,마포구,남성,기타,1,0,0,0,0,0.0
515,2019,마포구,여성,승용,214,0,0,0,1,0.47
516,2019,마포구,여성,승합,3,0,0,0,0,0.0
517,2019,마포구,여성,이륜,3,0,0,0,0,0.0
518,2019,마포구,여성,원동기,2,0,0,0,0,0.0
519,2019,마포구,여성,자전거,11,0,0,0,0,0.0
520,2019,마포구,여성,개인형이동수단(PM),2,0,0,0,0,0.0
521,2019,마포구,여성,기타,1,0,0,0,0,0.0
522,2019,마포구,알수없음,자전거,1,0,0,0,0,0.0
523,2019,마포구,알수없음,기타,60,0,0,0,0,0.0
524,2019,서대문구,남성,승용,508,1,0,0,3,0.59
525,2019,서대문구,남성,승합,122,1,1,0,4,3.28
526,2019,서대문구,남성,화물,78,0,0,4,1,1.28
527,2019,서대문구,남성,이륜,115,0,0,0,1,0.87
528,2019,서대문구,남성,원동기,22,0,0,0,0,0.0
529,2019,서대문구,남성,자전거,35,0,0,0,1,2.86
530,2019,서대문구,남성,건설기계,16,0,0,0,2,12.5
531,2019,서대문구,남성,개인형이동수단(PM),2,0,0,0,0,0.0
532,2019,서대문구,여성,승용,164,1,0,0,2,1.22
533,2019,서대문구,여성,이륜,6,0,0,0,0,0.0
534,2019,서대문구,여성,원동기,3,0,0,0,0,0.0
535,2019,서대문구,여성,자전거,12,0,0,0,0,0.0
536,2019,서대문구,여성,개인형이동수단(PM),2,0,0,0,0,0.0
537,2019,서대문구,여성,기타,2,0,0,0,0,0.0
538,2019,서대문구,알수없음,자전거,1,0,0,0,0,0.0
539,2019,서대문구,알수없음,기타,25,0,0,0,0,0.0
540,2019,서초구,남성,승용,1286,1,0,0,6,0.47
541,2019,서초구,남성,승합,176,0,0,0,0,0.0
542,2019,서초구,남성,화물,170,0,0,13,2,1.18
543,2019,서초구,남성,특수,7,0,0,0,0,0.0
544,2019,서초구,남성,이륜,149,0,0,0,3,2.01
545,2019,서초구,남성,원동기,13,0,0,0,0,0.0
546,2019,서초구,남성,자전거,38,0,0,0,0,0.0
547,2019,서초구,남성,건설기계,14,0,0,0,3,21.43
548,2019,서초구,남성,개인형이동수단(PM),14,0,0,0,0,0.0
549,2019,서초구,남성,기타,2,0,0,0,0,0.0
550,2019,서초구,여성,승용,481,0,0,0,0,0.0
551,2019,서초구,여성,승합,5,0,0,0,0,0.0
552,2019,서초구,여성,화물,3,0,0,1,0,0.0
553,2019,서초구,여성,이륜,3,0,0,0,0,0.0
554,2019,서초구,여성,원동기,3,0,0,0,0,0.0
555,2019,서초구,여성,자전거,8,0,0,0,0,0.0
556,2019,서초구,여성,개인형이동수단(PM),1,0,0,0,0,0.0
557,2019,서초구,알수없음,승용,2,0,0,0,0,0.0
558,2019,서초구,알수없음,승합,1,0,0,0,0,0.0
559,2019,서초구,알수없음,이륜,1,0,0,0,0,0.0
560,2019,서초구,알수없음,개인형이동수단(PM),1,0,0,0,0,0.0
561,2019,서초구,알수없음,기타,40,0,0,0,0,0.0
562,2019,성동구,남성,승용,518,0,0,0,6,1.16
563,2019,성동구,남성,승합,59,0,0,0,0,0.0
564,2019,성동구,남성,화물,101,0,0,11,2,1.98
565,2019,성동구,남성,특수,4,0,0,0,0,0.0
566,2019,성동구,남성,이륜,126,0,0,0,3,2.38
567,2019,성동구,남성,원동기,8,0,0,0,1,12.5
568,2019,성동구,남성,자전거,49,0,0,0,0,0.0
569,2019,성동구,남성,건설기계,7,0,0,0,0,0.0
570,2019,성동구,남성,개인형이동수단(PM),4,0,0,0,0,0.0
571,2019,성동구,남성,기타,1,0,0,0,0,0.0
572,2019,성동구,여성,승용,159,0,0,0,1,0.63
573,2019,성동구,여성,화물,2,0,0,0,0,0.0
574,2019,성동구,여성,이륜,3,0,0,0,0,0.0
575,2019,성동구,여성,자전거,12,0,0,0,0,0.0
576,2019,성동구,여성,개인형이동수단(PM),1,0,0,0,0,0.0
577,2019,성동구,알수없음,자전거,2,0,0,0,0,0.0
578,2019,성동구,알수없음,기타,35,0,0,0,0,0.0
579,2019,성북구,남성,승용,724,0,0,0,2,0.28
580,2019,성북구,남성,승합,107,0,0,0,1,0.93
581,2019,성북구,남성,화물,134,0,0,6,1,0.75
582,2019,성북구,남성,특수,1,0,0,0,0,0.0
583,2019,성북구,남성,이륜,211,0,0,0,1,0.47
584,2019,성북구,남성,원동기,18,0,0,0,0,0.0
585,2019,성북구,남성,자전거,32,0,0,0,0,0.0
586,2019,성북구,남성,건설기계,18,0,0,0,2,11.11
587,2019,성북구,남성,사륜오토바이(AVT),1,0,0,0,1,100.0
588,2019,성북구,남성,개인형이동수단(PM),1,0,0,0,0,0.0
589,2019,성북구,남성,기타,1,0,0,0,0,0.0
590,2019,성북구,여성,승용,233,0,0,0,0,0.0
591,2019,성북구,여성,승합,2,0,0,0,0,0.0
592,2019,성북구,여성,화물,2,0,0,0,0,0.0
593,2019,성북구,여성,이륜,6,0,0,0,0,0.0
594,2019,성북구,여성,원동기,1,0,0,0,0,0.0
595,2019,성북구,여성,자전거,5,0,0,0,0,0.0
596,2019,성북구,여성,개인형이동수단(PM),1,0,0,0,0,0.0
597,2019,성북구,알수없음,기타,11,0,0,0,0,0.0
598,2019,송파구,남성,승용,1369,0,0,0,4,0.29
599,2019,송파구,남성,승합,153,1,1,0,1,0.65
600,2019,송파구,남성,화물,215,0,0,19,1,0.47
601,2019,송파구,남성,특수,8,0,0,0,0,0.0
602,2019,송파구,남성,이륜,204,0,0,0,3,1.47
603,2019,송파구,남성,원동기,57,0,0,0,2,3.51
604,2019,송파구,남성,자전거,154,0,0,0,0,0.0
605,2019,송파구,남성,건설기계,22,0,0,0,0,0.0
606,2019,송파구,남성,사륜오토바이(AVT),1,0,0,0,0,0.0
607,2019,송파구,남성,개인형이동수단(PM),5,0,0,0,0,0.0
608,2019,송파구,남성,기타,6,0,0,0,0,0.0
609,2019,송파구,여성,승용,544,0,0,0,2,0.37
610,2019,송파구,여성,승합,9,0,0,0,0,0.0
611,2019,송파구,여성,화물,2,0,0,0,0,0.0
612,2019,송파구,여성,이륜,9,0,0,0,0,0.0
613,2019,송파구,여성,원동기,2,0,0,0,0,0.0
614,2019,송파구,여성,자전거,61,0,0,0,0,0.0
615,2019,송파구,여성,개인형이동수단(PM),2,0,0,0,0,0.0
616,2019,송파구,여성,기타,2,0,0,0,0,0.0
617,2019,송파구,알수없음,승용,1,0,0,0,0,0.0
618,2019,송파구,알수없음,승합,1,0,0,0,0,0.0
619,2019,송파구,알수없음,이륜,1,0,0,0,0,0.0
620,2019,송파구,알수없음,자전거,3,0,0,0,0,0.0
621,2019,송파구,알수없음,기타,61,0,0,0,0,0.0
622,2019,양천구,남성,승용,722,0,0,0,4,0.55
623,2019,양천구,남성,승합,88,0,0,0,2,2.27
624,2019,양천구,남성,화물,145,0,0,12,2,1.38
625,2019,양천구,남성,특수,1,0,0,0,0,0.0
626,2019,양천구,남성,이륜,120,0,0,0,1,0.83
627,2019,양천구,남성,원동기,13,0,0,0,0,0.0
628,2019,양천구,남성,자전거,49,0,0,0,1,2.04
629,2019,양천구,남성,건설기계,11,0,0,0,0,0.0
630,2019,양천구,남성,사륜오토바이(AVT),2,0,0,0,0,0.0
631,2019,양천구,남성,개인형이동수단(PM),1,0,0,0,0,0.0
632,2019,양천구,여성,승용,282,0,0,0,1,0.35
633,2019,양천구,여성,승합,4,0,0,0,0,0.0
634,2019,양천구,여성,화물,5,0,0,0,0,0.0
635,2019,양천구,여성,이륜,4,0,0,0,0,0.0
636,2019,양천구,여성,자전거,19,0,0,0,0,0.0
637,2019,양천구,여성,개인형이동수단(PM),1,0,0,0,0,0.0
638,2019,양천구,여성,기타,1,0,0,0,0,0.0
639,2019,양천구,알수없음,자전거,2,0,0,0,0,0.0
640,2019,양천구,알수없음,기타,36,0,0,0,0,0.0
641,2019,영등포구,남성,승용,1178,0,0,0,5,0.42
642,2019,영등포구,남성,승합,190,1,1,0,1,0.53
643,2019,영등포구,남성,화물,215,0,0,17,2,0.93
644,2019,영등포구,남성,특수,6,0,0,0,0,0.0
645,2019,영등포구,남성,이륜,239,0,0,0,1,0.42
646,2019,영등포구,남성,원동기,25,0,0,0,0,0.0
647,2019,영등포구,남성,자전거,140,0,0,0,0,0.0
648,2019,영등포구,남성,건설기계,18,0,0,0,1,5.56
649,2019,영등포구,남성,개인형이동수단(PM),5,0,0,0,0,0.0
650,2019,영등포구,남성,기타,2,0,0,0,0,0.0
651,2019,영등포구,여성,승용,301,0,0,0,0,0.0
652,2019,영등포구,여성,승합,7,0,1,0,1,14.29
653,2019,영등포구,여성,화물,4,0,0,0,0,0.0
654,2019,영등포구,여성,이륜,5,0,0,0,0,0.0
655,2019,영등포구,여성,원동기,3,0,0,0,0,0.0
656,2019,영등포구,여성,자전거,47,0,0,0,0,0.0
657,2019,영등포구,여성,사륜오토바이(AVT),1,0,0,0,0,0.0
658,2019,영등포구,여성,개인형이동수단(PM),1,0,0,0,0,0.0
659,2019,영등포구,여성,기타,1,0,0,0,0,0.0
660,2019,영등포구,알수없음,승용,1,0,0,0,0,0.0
661,2019,영등포구,알수없음,이륜,2,0,0,0,0,0.0
662,2019,영등포구,알수없음,자전거,2,0,0,0,0,0.0
663,2019,영등포구,알수없음,기타,46,0,0,0,0,0.0
664,2019,강북구,남성,승용,591,0,0,0,0,0.0
665,2019,강북구,남성,승합,124,0,0,0,0,0.0
666,2019,강북구,남성,화물,112,0,0,8,1,0.89
667,2019,강북구,남성,특수,3,0,0,0,0,0.0
668,2019,강북구,남성,이륜,192,0,0,0,4,2.08
669,2019,강북구,남성,원동기,2,0,0,0,0,0.0
670,2019,강북구,남성,자전거,39,0,0,0,2,5.13
671,2019,강북구,남성,건설기계,3,0,0,0,0,0.0
672,2019,강북구,남성,개인형이동수단(PM),1,0,0,0,0,0.0
673,2019,강북구,남성,기타,1,0,0,0,0,0.0
674,2019,강북구,여성,승용,159,0,0,0,0,0.0
675,2019,강북구,여성,승합,1,0,0,0,0,0.0
676,2019,강북구,여성,화물,1,0,0,0,0,0.0
677,2019,강북구,여성,이륜,12,0,0,0,0,0.0
678,2019,강북구,여성,자전거,18,0,0,0,0,0.0
679,2019,강북구,알수없음,기타,18,0,0,0,0,0.0
680,2019,용산구,남성,승용,684,0,0,0,5,0.73
681,2019,용산구,남성,승합,57,0,0,0,1,1.75
682,2019,용산구,남성,화물,86,0,0,7,2,2.33
683,2019,용산구,남성,특수,1,0,0,0,0,0.0
684,2019,용산구,남성,이륜,99,0,0,0,2,2.02
685,2019,용산구,남성,원동기,3,0,0,0,0,0.0
686,2019,용산구,남성,자전거,18,0,0,0,0,0.0
687,2019,용산구,남성,건설기계,4,0,0,0,0,0.0
688,2019,용산구,남성,사륜오토바이(AVT),1,0,0,0,0,0.0
689,2019,용산구,남성,개인형이동수단(PM),1,0,0,0,0,0.0
690,2019,용산구,여성,승용,175,0,0,0,0,0.0
691,2019,용산구,여성,승합,1,0,0,0,0,0.0
692,2019,용산구,여성,화물,2,0,0,0,0,0.0
693,2019,용산구,여성,이륜,4,0,0,0,0,0.0
694,2019,용산구,여성,자전거,4,0,0,0,0,0.0
695,2019,용산구,알수없음,승용,1,0,0,0,0,0.0
696,2019,용산구,알수없음,기타,46,0,0,0,0,0.0
697,2019,은평구,남성,승용,477,0,0,0,1,0.21
698,2019,은평구,남성,승합,109,0,0,0,0,0.0
699,2019,은평구,남성,화물,100,0,0,10,2,2.0
700,2019,은평구,남성,특수,1,0,0,0,0,0.0
701,2019,은평구,남성,이륜,118,0,0,0,1,0.85
702,2019,은평구,남성,원동기,20,0,0,0,1,5.0
703,2019,은평구,남성,자전거,49,0,0,0,1,2.04
704,2019,은평구,남성,건설기계,9,0,0,0,0,0.0
705,2019,은평구,남성,개인형이동수단(PM),5,0,0,0,0,0.0
706,2019,은평구,남성,기타,2,0,0,0,0,0.0
707,2019,은평구,여성,승용,170,0,0,0,0,0.0
708,2019,은평구,여성,승합,9,0,0,0,0,0.0
709,2019,은평구,여성,화물,4,0,0,0,1,25.0
710,2019,은평구,여성,이륜,2,0,0,0,0,0.0
711,2019,은평구,여성,원동기,2,0,0,0,0,0.0
712,2019,은평구,여성,자전거,13,0,0,0,0,0.0
713,2019,은평구,여성,개인형이동수단(PM),2,0,0,0,0,0.0
714,2019,은평구,여성,기타,2,0,0,0,0,0.0
715,2019,은평구,알수없음,이륜,1,0,0,0,0,0.0
716,2019,은평구,알수없음,기타,24,0,0,0,0,0.0
717,2019,종로구,남성,승용,580,0,0,0,2,0.34
718,2019,종로구,남성,승합,117,0,0,0,0,0.0
719,2019,종로구,남성,화물,78,0,0,4,1,1.28
720,2019,종로구,남성,특수,1,0,0,0,0,0.0
721,2019,종로구,남성,이륜,91,0,0,0,2,2.2
722,2019,종로구,남성,원동기,37,0,0,0,0,0.0
723,2019,종로구,남성,자전거,13,0,0,0,0,0.0
724,2019,종로구,남성,건설기계,5,0,0,0,0,0.0
725,2019,종로구,남성,개인형이동수단(PM),1,0,0,0,0,0.0
726,2019,종로구,남성,기타,1,0,0,0,0,0.0
727,2019,종로구,여성,승용,152,0,0,0,0,0.0
728,2019,종로구,여성,승합,3,0,0,0,0,0.0
729,2019,종로구,여성,화물,1,0,0,0,0,0.0
730,2019,종로구,여성,이륜,7,0,0,0,0,0.0
731,2019,종로구,여성,원동기,1,0,0,0,0,0.0
732,2019,종로구,여성,자전거,6,0,0,0,1,16.67
733,2019,종로구,여성,기타,1,0,0,0,0,0.0
734,2019,종로구,알수없음,이륜,1,0,0,0,0,0.0
735,2019,종로구,알수없음,기타,37,0,0,0,0,0.0
736,2019,중구,남성,승용,614,1,0,0,1,0.16
737,2019,중구,남성,승합,118,0,0,0,2,1.69
738,2019,중구,남성,화물,82,0,0,8,1,1.22
739,2019,중구,남성,특수,1,0,0,0,0,0.0
740,2019,중구,남성,이륜,104,0,0,0,0,0.0
741,2019,중구,남성,원동기,37,0,0,0,0,0.0
742,2019,중구,남성,자전거,17,0,0,0,0,0.0
743,2019,중구,남성,건설기계,12,0,0,0,1,8.33
744,2019,중구,남성,개인형이동수단(PM),1,0,0,0,0,0.0
745,2019,중구,남성,기타,1,0,0,0,0,0.0
746,2019,중구,여성,승용,149,0,0,0,0,0.0
747,2019,중구,여성,승합,4,0,0,0,0,0.0
748,2019,중구,여성,화물,2,0,0,0,0,0.0
749,2019,중구,여성,이륜,4,0,0,0,0,0.0
750,2019,중구,여성,자전거,6,0,0,0,0,0.0
751,2019,중구,여성,개인형이동수단(PM),1,0,0,0,0,0.0
752,2019,중구,알수없음,승용,1,0,0,0,0,0.0
753,2019,중구,알수없음,이륜,1,0,0,0,0,0.0
754,2019,중구,알수없음,기타,29,0,0,0,0,0.0
755,2019,중랑구,남성,승용,709,0,0,0,4,0.56
756,2019,중랑구,남성,승합,93,0,0,0,2,2.15
757,2019,중랑구,남성,화물,151,0,0,12,0,0.0
758,2019,중랑구,남성,특수,5,0,0,0,0,0.0
759,2019,중랑구,남성,이륜,225,0,0,0,1,0.44
760,2019,중랑구,남성,원동기,10,0,0,0,0,0.0
761,2019,중랑구,남성,자전거,65,0,0,0,2,3.08
762,2019,중랑구,남성,건설기계,14,0,0,0,2,14.29
763,2019,중랑구,남성,사륜오토바이(AVT),1,0,0,0,0,0.0
764,2019,중랑구,남성,개인형이동수단(PM),3,0,0,0,0,0.0
765,2019,중랑구,남성,기타,1,0,0,0,1,100.0
766,2019,중랑구,여성,승용,226,0,0,0,0,0.0
767,2019,중랑구,여성,승합,5,0,0,0,0,0.0
768,2019,중랑구,여성,화물,1,0,0,0,0,0.0
769,2019,중랑구,여성,이륜,12,0,0,0,0,0.0
770,2019,중랑구,여성,원동기,1,0,0,0,0,0.0
771,2019,중랑구,여성,자전거,33,0,0,0,0,0.0
772,2019,중랑구,여성,개인형이동수단(PM),2,0,0,0,0,0.0
773,2019,중랑구,알수없음,승용,1,0,0,0,0,0.0
774,2019,중랑구,알수없음,자전거,1,0,0,0,0,0.0
775,2019,중랑구,알수없음,기타,61,0,0,0,0,0.0
776,2019,강서구,남성,승용,869,0,0,0,8,0.92
777,2019,강서구,남성,승합,160,0,0,0,5,3.13
778,2019,강서구,남성,화물,141,0,0,8,3,2.13
779,2019,강서구,남성,특수,3,0,0,0,0,0.0
780,2019,강서구,남성,이륜,178,0,0,0,3,1.69
781,2019,강서구,남성,원동기,38,0,0,0,0,0.0
782,2019,강서구,남성,자전거,64,0,0,0,0,0.0
783,2019,강서구,남성,건설기계,12,0,0,0,0,0.0
784,2019,강서구,남성,개인형이동수단(PM),2,0,0,0,0,0.0
785,2019,강서구,여성,승용,281,0,0,0,1,0.36
786,2019,강서구,여성,승합,11,0,0,0,0,0.0
787,2019,강서구,여성,화물,2,0,0,0,0,0.0
788,2019,강서구,여성,이륜,7,0,0,0,0,0.0
789,2019,강서구,여성,원동기,2,0,0,0,0,0.0
790,2019,강서구,여성,자전거,8,0,0,0,0,0.0
791,2019,강서구,여성,개인형이동수단(PM),2,0,0,0,0,0.0
792,2019,강서구,알수없음,원동기,1,0,0,0,0,0.0
793,2019,강서구,알수없음,기타,48,0,0,0,0,0.0
794,2019,관악구,남성,승용,682,0,0,0,4,0.59
795,2019,관악구,남성,승합,125,0,0,0,0,0.0
796,2019,관악구,남성,화물,90,0,0,6,3,3.33
797,2019,관악구,남성,특수,4,0,0,0,0,0.0
798,2019,관악구,남성,이륜,201,0,0,0,1,0.5
799,2019,관악구,남성,원동기,3,0,0,0,0,0.0
800,2019,관악구,남성,자전거,31,0,0,0,1,3.23
801,2019,관악구,남성,건설기계,12,0,0,0,1,8.33
802,2019,관악구,남성,사륜오토바이(AVT),1,0,0,0,0,0.0
803,2019,관악구,남성,개인형이동수단(PM),1,0,0,0,0,0.0
804,2019,관악구,남성,기타,1,0,0,0,0,0.0
805,2019,관악구,여성,승용,176,0,0,0,0,0.0
806,2019,관악구,여성,승합,2,0,0,0,0,0.0
807,2019,관악구,여성,화물,2,0,0,0,0,0.0
808,2019,관악구,여성,이륜,8,0,0,0,0,0.0
809,2019,관악구,여성,자전거,11,0,0,0,0,0.0
810,2019,관악구,여성,개인형이동수단(PM),1,0,0,0,0,0.0
811,2019,관악구,알수없음,이륜,1,0,0,0,0,0.0
812,2019,관악구,알수없음,자전거,1,0,0,0,0,0.0
813,2019,관악구,알수없음,기타,10,0,0,0,0,0.0
814,2019,광진구,남성,승용,514,0,0,0,1,0.19
815,2019,광진구,남성,승합,55,0,0,0,1,1.82
816,2019,광진구,남성,화물,62,0,0,3,1,1.61
817,2019,광진구,남성,특수,2,0,0,0,0,0.0
818,2019,광진구,남성,이륜,79,0,0,0,0,0.0
819,2019,광진구,남성,원동기,30,0,0,0,0,0.0
820,2019,광진구,남성,자전거,40,0,0,0,0,0.0
821,2019,광진구,남성,건설기계,11,0,0,0,0,0.0
822,2019,광진구,남성,개인형이동수단(PM),8,0,0,0,0,0.0
823,2019,광진구,여성,승용,126,0,0,0,0,0.0
824,2019,광진구,여성,승합,3,0,0,0,0,0.0
825,2019,광진구,여성,화물,1,0,0,0,0,0.0
826,2019,광진구,여성,이륜,3,0,0,0,0,0.0
827,2019,광진구,여성,원동기,1,0,0,0,0,0.0
828,2019,광진구,여성,자전거,20,0,0,0,0,0.0
829,2019,광진구,여성,개인형이동수단(PM),1,0,0,0,0,0.0
830,2019,광진구,알수없음,자전거,1,0,0,0,0,0.0
831,2019,광진구,알수없음,기타,16,0,0,0,0,0.0
832,2019,구로구,남성,승용,734,0,0,0,9,1.23
833,2019,구로구,남성,승합,116,0,0,0,1,0.86
834,2019,구로구,남성,화물,184,0,0,10,1,0.54
835,2019,구로구,남성,특수,2,0,0,0,0,0.0
836,2019,구로구,남성,이륜,159,0,0,0,1,0.63
837,2019,구로구,남성,원동기,3,0,0,0,0,0.0
838,2019,구로구,남성,자전거,44,0,0,0,0,0.0
839,2019,구로구,남성,건설기계,15,0,0,0,0,0.0
840,2019,구로구,남성,개인형이동수단(PM),3,0,0,0,0,0.0
841,2019,구로구,남성,기타,2,0,0,0,0,0.0
842,2019,구로구,여성,승용,203,0,0,0,1,0.49
843,2019,구로구,여성,승합,4,0,0,0,0,0.0
844,2019,구로구,여성,화물,1,0,0,0,0,0.0
845,2019,구로구,여성,이륜,6,0,0,0,0,0.0
846,2019,구로구,여성,자전거,24,0,0,0,0,0.0
847,2019,구로구,알수없음,승합,1,0,0,0,0,0.0
848,2019,구로구,알수없음,자전거,3,0,0,0,0,0.0
849,2019,구로구,알수없음,기타,25,0,0,0,0,0.0
850,2019,금천구,남성,승용,416,0,0,0,3,0.72
851,2019,금천구,남성,승합,89,1,1,0,1,1.12
852,2019,금천구,남성,화물,97,0,0,8,2,2.06
853,2019,금천구,남성,특수,3,0,0,0,0,0.0
854,2019,금천구,남성,이륜,113,0,0,0,1,0.88
855,2019,금천구,남성,원동기,1,0,0,0,0,0.0
856,2019,금천구,남성,자전거,30,0,0,0,0,0.0
857,2019,금천구,남성,건설기계,14,0,0,0,0,0.0
858,2019,금천구,남성,개인형이동수단(PM),5,0,0,0,0,0.0
859,2019,금천구,여성,승용,102,0,0,0,1,0.98
860,2019,금천구,여성,승합,5,0,0,0,0,0.0
861,2019,금천구,여성,화물,2,0,0,0,0,0.0
862,2019,금천구,여성,이륜,7,0,0,0,0,0.0
863,2019,금천구,여성,원동기,1,0,0,0,0,0.0
864,2019,금천구,여성,자전거,9,0,0,0,1,11.11
865,2019,금천구,알수없음,자전거,1,0,0,0,0,0.0
866,2019,금천구,알수없음,기타,25,0,0,0,0,0.0
867,2019,노원구,남성,승용,749,0,0,0,1,0.13
868,2019,노원구,남성,승합,114,0,0,0,3,2.63
869,2019,노원구,남성,화물,147,0,0,14,2,1.36
870,2019,노원구,남성,특수,3,0,0,0,0,0.0
871,2019,노원구,남성,이륜,159,0,0,0,0,0.0
872,2019,노원구,남성,원동기,30,0,0,0,0,0.0
873,2019,노원구,남성,자전거,82,0,0,0,0,0.0
874,2019,노원구,남성,건설기계,9,0,0,0,1,11.11
875,2019,노원구,남성,개인형이동수단(PM),3,0,0,0,0,0.0
876,2019,노원구,남성,기타,1,0,0,0,0,0.0
877,2019,노원구,여성,승용,309,0,0,0,1,0.32
878,2019,노원구,여성,승합,6,0,0,0,0,0.0
879,2019,노원구,여성,화물,3,0,0,0,0,0.0
880,2019,노원구,여성,이륜,3,0,0,0,0,0.0
881,2019,노원구,여성,원동기,2,0,0,0,0,0.0
882,2019,노원구,여성,자전거,36,0,0,0,0,0.0
883,2019,노원구,알수없음,이륜,1,0,0,0,0,0.0
884,2019,노원구,알수없음,자전거,1,0,0,0,0,0.0
885,2019,노원구,알수없음,기타,45,0,0,0,0,0.0
886,2019,도봉구,남성,승용,340,0,0,0,2,0.59
887,2019,도봉구,남성,승합,66,0,0,0,0,0.0
888,2019,도봉구,남성,화물,65,0,0,3,0,0.0
889,2019,도봉구,남성,특수,2,0,0,0,0,0.0
890,2019,도봉구,남성,이륜,131,0,0,0,2,1.53
891,2019,도봉구,남성,원동기,7,0,0,0,0,0.0
892,2019,도봉구,남성,자전거,54,0,0,0,0,0.0
893,2019,도봉구,남성,건설기계,5,0,0,0,0,0.0
894,2019,도봉구,남성,개인형이동수단(PM),1,0,0,0,0,0.0
895,2019,도봉구,남성,기타,1,0,0,0,0,0.0
896,2019,도봉구,여성,승용,145,0,0,0,0,0.0
897,2019,도봉구,여성,승합,4,0,0,0,0,0.0
898,2019,도봉구,여성,화물,3,0,0,0,0,0.0
899,2019,도봉구,여성,이륜,1,0,0,0,0,0.0
900,2019,도봉구,여성,원동기,2,0,0,0,0,0.0
901,2019,도봉구,여성,자전거,8,0,0,0,0,0.0
902,2019,도봉구,여성,개인형이동수단(PM),2,0,0,0,0,0.0
903,2019,도봉구,알수없음,이륜,1,0,0,0,0,0.0
904,2019,도봉구,알수없음,기타,14,0,0,0,0,0.0
905,2019,강남구,남성,승용,2094,0,0,0,6,0.29
906,2019,강남구,남성,승합,165,0,0,0,1,0.61
907,2019,강남구,남성,화물,167,0,0,9,2,1.2
908,2019,강남구,남성,특수,10,0,0,0,0,0.0
909,2019,강남구,남성,이륜,273,0,0,0,4,1.47
910,2019,강남구,남성,원동기,17,0,0,0,0,0.0
911,2019,강남구,남성,자전거,48,0,0,0,0,0.0
912,2019,강남구,남성,건설기계,18,0,0,0,1,5.56
913,2019,강남구,남성,개인형이동수단(PM),25,0,0,0,0,0.0
914,2019,강남구,남성,기타,5,0,0,0,0,0.0
915,2019,강남구,여성,승용,766,1,0,0,0,0.0
916,2019,강남구,여성,승합,7,0,0,0,0,0.0
917,2019,강남구,여성,화물,4,0,0,0,0,0.0
918,2019,강남구,여성,이륜,6,0,0,0,0,0.0
919,2019,강남구,여성,원동기,2,0,0,0,0,0.0
920,2019,강남구,여성,자전거,11,0,0,0,0,0.0
921,2019,강남구,여성,사륜오토바이(AVT),1,0,0,0,0,0.0
922,2019,강남구,여성,개인형이동수단(PM),11,0,0,0,0,0.0
923,2019,강남구,알수없음,승용,2,0,0,0,0,0.0
924,2019,강남구,알수없음,이륜,1,0,0,0,0,0.0
925,2019,강남구,알수없음,원동기,1,0,0,0,0,0.0
926,2019,강남구,알수없음,자전거,1,0,0,0,0,0.0
927,2019,강남구,알수없음,기타,87,0,0,0,0,0.0
928,2020,강동구,남성,승용,578,0,0,0,1,0.17
929,2020,강동구,남성,승합,84,0,0,0,0,0.0
930,2020,강동구,남성,화물,123,0,0,9,0,0.0
931,2020,강동구,남성,특수,5,0,0,0,0,0.0
932,2020,강동구,남성,이륜,93,0,0,0,1,1.08
933,2020,강동구,남성,원동기,30,0,0,0,1,3.33
934,2020,강동구,남성,자전거,63,0,0,0,3,4.76
935,2020,강동구,남성,건설기계,24,0,0,0,1,4.17
936,2020,강동구,남성,사륜오토바이(AVT),1,0,0,0,0,0.0
937,2020,강동구,남성,개인형이동수단(PM),8,0,0,0,0,0.0
938,2020,강동구,남성,기타,2,0,0,0,0,0.0
939,2020,강동구,여성,승용,195,0,0,0,0,0.0
940,2020,강동구,여성,승합,6,0,0,0,0,0.0
941,2020,강동구,여성,이륜,3,0,0,0,0,0.0
942,2020,강동구,여성,원동기,1,0,0,0,0,0.0
943,2020,강동구,여성,자전거,15,0,0,0,0,0.0
944,2020,강동구,여성,건설기계,1,0,0,0,0,0.0
945,2020,강동구,여성,개인형이동수단(PM),2,0,0,0,0,0.0
946,2020,강동구,알수없음,자전거,1,0,0,0,0,0.0
947,2020,강동구,알수없음,기타,33,0,0,0,0,0.0
948,2020,동대문구,남성,승용,588,0,0,0,3,0.51
949,2020,동대문구,남성,승합,75,0,0,0,1,1.33
950,2020,동대문구,남성,화물,157,0,0,12,1,0.64
951,2020,동대문구,남성,특수,2,0,0,0,0,0.0
952,2020,동대문구,남성,이륜,245,0,0,0,0,0.0
953,2020,동대문구,남성,원동기,35,0,0,0,2,5.71
954,2020,동대문구,남성,자전거,90,0,0,0,0,0.0
955,2020,동대문구,남성,건설기계,11,0,0,0,0,0.0
956,2020,동대문구,남성,사륜오토바이(AVT),1,0,0,0,0,0.0
957,2020,동대문구,남성,개인형이동수단(PM),8,0,0,0,1,12.5
958,2020,동대문구,남성,기타,3,0,0,0,0,0.0
959,2020,동대문구,여성,승용,181,0,0,0,2,1.1
960,2020,동대문구,여성,승합,3,0,0,0,0,0.0
961,2020,동대문구,여성,화물,3,0,0,0,0,0.0
962,2020,동대문구,여성,이륜,6,0,0,0,0,0.0
963,2020,동대문구,여성,원동기,2,0,0,0,0,0.0
964,2020,동대문구,여성,자전거,24,0,0,0,0,0.0
965,2020,동대문구,여성,개인형이동수단(PM),4,0,0,0,0,0.0
966,2020,동대문구,알수없음,기타,10,0,0,0,0,0.0
967,2020,동작구,남성,승용,553,0,0,0,4,0.72
968,2020,동작구,남성,승합,100,0,0,0,1,1.0
969,2020,동작구,남성,화물,108,0,0,6,2,1.85
970,2020,동작구,남성,특수,5,0,0,0,0,0.0
971,2020,동작구,남성,이륜,190,0,0,0,1,0.53
972,2020,동작구,남성,원동기,35,0,0,0,1,2.86
973,2020,동작구,남성,자전거,48,0,0,0,0,0.0
974,2020,동작구,남성,건설기계,9,0,0,0,1,11.11
975,2020,동작구,남성,개인형이동수단(PM),9,0,0,0,0,0.0
976,2020,동작구,남성,기타,1,0,0,0,0,0.0
977,2020,동작구,여성,승용,189,0,0,0,0,0.0
978,2020,동작구,여성,승합,5,0,0,0,0,0.0
979,2020,동작구,여성,화물,4,0,0,0,0,0.0
980,2020,동작구,여성,이륜,6,0,0,0,0,0.0
981,2020,동작구,여성,원동기,6,0,0,0,0,0.0
982,2020,동작구,여성,자전거,18,0,0,0,0,0.0
983,2020,동작구,여성,개인형이동수단(PM),2,0,0,0,0,0.0
984,2020,동작구,여성,기타,2,0,0,0,0,0.0
985,2020,동작구,알수없음,화물,1,0,0,0,0,0.0
986,2020,동작구,알수없음,자전거,1,0,0,0,0,0.0
987,2020,동작구,알수없음,기타,15,0,0,0,0,0.0
988,2020,마포구,남성,승용,637,0,0,0,6,0.94
989,2020,마포구,남성,승합,62,0,0,0,2,3.23
990,2020,마포구,남성,화물,82,0,0,9,2,2.44
991,2020,마포구,남성,특수,5,0,0,0,0,0.0
992,2020,마포구,남성,이륜,117,0,0,0,1,0.85
993,2020,마포구,남성,원동기,31,0,0,0,1,3.23
994,2020,마포구,남성,자전거,37,0,0,0,0,0.0
995,2020,마포구,남성,건설기계,10,0,0,0,0,0.0
996,2020,마포구,남성,개인형이동수단(PM),24,0,0,0,0,0.0
997,2020,마포구,남성,기타,1,0,0,0,0,0.0
998,2020,마포구,여성,승용,176,0,0,0,0,0.0
999,2020,마포구,여성,승합,6,0,0,0,1,16.67
1000,2020,마포구,여성,화물,1,0,0,0,0,0.0
1001,2020,마포구,여성,이륜,2,0,0,0,0,0.0
1002,2020,마포구,여성,원동기,3,0,0,0,0,0.0
1003,2020,마포구,여성,자전거,14,0,0,0,0,0.0
1004,2020,마포구,여성,사륜오토바이(AVT),1,0,0,0,0,0.0
1005,2020,마포구,여성,개인형이동수단(PM),8,0,0,0,0,0.0
1006,2020,마포구,알수없음,승용,1,0,0,0,0,0.0
1007,2020,마포구,알수없음,이륜,1,0,0,0,0,0.0
1008,2020,마포구,알수없음,기타,53,0,0,0,0,0.0
1009,2020,서대문구,남성,승용,405,0,0,0,2,0.49
1010,2020,서대문구,남성,승합,67,0,0,0,0,0.0
1011,2020,서대문구,남성,화물,68,0,0,5,0,0.0
1012,2020,서대문구,남성,이륜,127,0,0,0,0,0.0
1013,2020,서대문구,남성,원동기,20,0,0,0,0,0.0
1014,2020,서대문구,남성,자전거,29,0,0,0,1,3.45
1015,2020,서대문구,남성,건설기계,12,0,0,0,1,8.33
1016,2020,서대문구,남성,개인형이동수단(PM),2,0,0,0,0,0.0
1017,2020,서대문구,남성,기타,4,0,0,0,0,0.0
1018,2020,서대문구,여성,승용,147,0,0,0,1,0.68
1019,2020,서대문구,여성,승합,4,0,0,0,1,25.0
1020,2020,서대문구,여성,화물,1,0,0,0,0,0.0
1021,2020,서대문구,여성,이륜,2,0,0,0,0,0.0
1022,2020,서대문구,여성,원동기,1,0,0,0,0,0.0
1023,2020,서대문구,여성,자전거,9,0,0,0,0,0.0
1024,2020,서대문구,여성,개인형이동수단(PM),5,0,0,0,0,0.0
1025,2020,서대문구,알수없음,승용,1,0,0,0,0,0.0
1026,2020,서대문구,알수없음,기타,24,0,0,0,0,0.0
1027,2020,서초구,남성,승용,1158,0,0,0,4,0.35
1028,2020,서초구,남성,승합,138,0,0,0,1,0.72
1029,2020,서초구,남성,화물,172,0,0,8,2,1.16
1030,2020,서초구,남성,특수,3,0,0,0,0,0.0
1031,2020,서초구,남성,이륜,173,0,0,0,0,0.0
1032,2020,서초구,남성,원동기,6,0,0,0,0,0.0
1033,2020,서초구,남성,자전거,44,0,0,0,0,0.0
1034,2020,서초구,남성,건설기계,17,0,0,0,0,0.0
1035,2020,서초구,남성,개인형이동수단(PM),23,0,0,0,0,0.0
1036,2020,서초구,여성,승용,420,0,0,0,1,0.24
1037,2020,서초구,여성,승합,4,0,0,0,0,0.0
1038,2020,서초구,여성,화물,2,0,0,0,0,0.0
1039,2020,서초구,여성,이륜,3,0,0,0,0,0.0
1040,2020,서초구,여성,자전거,16,0,0,0,1,6.25
1041,2020,서초구,여성,개인형이동수단(PM),8,0,0,0,0,0.0
1042,2020,서초구,알수없음,승용,3,0,0,0,0,0.0
1043,2020,서초구,알수없음,기타,60,0,0,0,0,0.0
1044,2020,성동구,남성,승용,504,0,0,0,4,0.79
1045,2020,성동구,남성,승합,45,0,0,0,1,2.22
1046,2020,성동구,남성,화물,98,0,0,5,1,1.02
1047,2020,성동구,남성,특수,2,0,0,0,0,0.0
1048,2020,성동구,남성,이륜,126,0,0,0,2,1.59
1049,2020,성동구,남성,원동기,15,0,0,0,0,0.0
1050,2020,성동구,남성,자전거,70,0,0,0,1,1.43
1051,2020,성동구,남성,건설기계,14,0,0,0,0,0.0
1052,2020,성동구,남성,개인형이동수단(PM),9,0,0,0,0,0.0
1053,2020,성동구,남성,기타,2,0,0,0,0,0.0
1054,2020,성동구,여성,승용,155,0,0,0,0,0.0
1055,2020,성동구,여성,이륜,6,0,0,0,0,0.0
1056,2020,성동구,여성,원동기,1,0,0,0,0,0.0
1057,2020,성동구,여성,자전거,20,0,0,0,0,0.0
1058,2020,성동구,여성,개인형이동수단(PM),5,0,0,0,0,0.0
1059,2020,성동구,여성,기타,1,0,0,0,0,0.0
1060,2020,성동구,알수없음,자전거,3,0,0,0,0,0.0
1061,2020,성동구,알수없음,개인형이동수단(PM),1,0,0,0,0,0.0
1062,2020,성동구,알수없음,기타,42,0,0,0,0,0.0
1063,2020,성북구,남성,승용,611,0,0,0,1,0.16
1064,2020,성북구,남성,승합,72,0,0,0,0,0.0
1065,2020,성북구,남성,화물,130,0,0,10,0,0.0
1066,2020,성북구,남성,특수,1,0,0,0,0,0.0
1067,2020,성북구,남성,이륜,166,0,0,0,3,1.81
1068,2020,성북구,남성,원동기,22,0,0,0,0,0.0
1069,2020,성북구,남성,자전거,31,0,0,0,0,0.0
1070,2020,성북구,남성,건설기계,14,0,0,0,2,14.29
1071,2020,성북구,남성,개인형이동수단(PM),3,0,0,0,0,0.0
1072,2020,성북구,여성,승용,193,0,0,0,1,0.52
1073,2020,성북구,여성,승합,1,0,0,0,0,0.0
1074,2020,성북구,여성,화물,2,0,0,0,0,0.0
1075,2020,성북구,여성,원동기,1,0,0,0,0,0.0
1076,2020,성북구,여성,자전거,9,0,0,0,0,0.0
1077,2020,성북구,여성,개인형이동수단(PM),1,0,0,0,0,0.0
1078,2020,성북구,알수없음,승용,1,0,0,0,0,0.0
1079,2020,성북구,알수없음,기타,17,0,0,0,0,0.0
1080,2020,송파구,남성,승용,1166,0,0,0,2,0.17
1081,2020,송파구,남성,승합,102,0,0,0,2,1.96
1082,2020,송파구,남성,화물,222,0,0,14,3,1.35
1083,2020,송파구,남성,특수,5,0,0,0,0,0.0
1084,2020,송파구,남성,이륜,254,0,0,0,2,0.79
1085,2020,송파구,남성,원동기,62,0,0,0,1,1.61
1086,2020,송파구,남성,자전거,144,0,0,0,0,0.0
1087,2020,송파구,남성,건설기계,26,0,0,0,0,0.0
1088,2020,송파구,남성,개인형이동수단(PM),20,0,0,0,0,0.0
1089,2020,송파구,남성,기타,12,0,0,0,0,0.0
1090,2020,송파구,여성,승용,424,0,0,0,1,0.24
1091,2020,송파구,여성,승합,5,0,0,0,0,0.0
1092,2020,송파구,여성,화물,3,0,0,0,0,0.0
1093,2020,송파구,여성,이륜,5,0,0,0,0,0.0
1094,2020,송파구,여성,원동기,7,0,0,0,0,0.0
1095,2020,송파구,여성,자전거,51,0,0,0,0,0.0
1096,2020,송파구,여성,개인형이동수단(PM),12,0,0,0,0,0.0
1097,2020,송파구,여성,기타,2,0,0,0,0,0.0
1098,2020,송파구,알수없음,승용,1,0,0,0,0,0.0
1099,2020,송파구,알수없음,이륜,2,0,0,0,0,0.0
1100,2020,송파구,알수없음,자전거,3,0,0,0,0,0.0
1101,2020,송파구,알수없음,기타,67,0,0,0,0,0.0
1102,2020,양천구,남성,승용,661,0,0,0,2,0.3
1103,2020,양천구,남성,승합,65,0,0,0,0,0.0
1104,2020,양천구,남성,화물,119,0,0,8,0,0.0
1105,2020,양천구,남성,특수,3,0,0,0,0,0.0
1106,2020,양천구,남성,이륜,84,0,0,0,2,2.38
1107,2020,양천구,남성,원동기,37,0,0,0,0,0.0
1108,2020,양천구,남성,자전거,56,0,0,0,1,1.79
1109,2020,양천구,남성,건설기계,11,0,0,0,2,18.18
1110,2020,양천구,남성,사륜오토바이(AVT),2,0,0,0,0,0.0
1111,2020,양천구,남성,개인형이동수단(PM),6,0,0,0,0,0.0
1112,2020,양천구,여성,승용,241,0,0,0,0,0.0
1113,2020,양천구,여성,승합,5,0,0,0,0,0.0
1114,2020,양천구,여성,화물,1,0,0,0,0,0.0
1115,2020,양천구,여성,이륜,7,0,0,0,0,0.0
1116,2020,양천구,여성,자전거,18,0,0,0,0,0.0
1117,2020,양천구,여성,개인형이동수단(PM),2,0,0,0,0,0.0
1118,2020,양천구,알수없음,이륜,1,0,0,0,0,0.0
1119,2020,양천구,알수없음,자전거,1,0,0,0,0,0.0
1120,2020,양천구,알수없음,기타,24,0,0,0,0,0.0
1121,2020,영등포구,남성,승용,1050,0,0,0,0,0.0
1122,2020,영등포구,남성,승합,112,0,0,0,2,1.79
1123,2020,영등포구,남성,화물,185,0,0,9,2,1.08
1124,2020,영등포구,남성,특수,6,0,0,0,0,0.0
1125,2020,영등포구,남성,이륜,240,0,0,0,2,0.83
1126,2020,영등포구,남성,원동기,38,0,0,0,0,0.0
1127,2020,영등포구,남성,자전거,146,0,0,0,1,0.68
1128,2020,영등포구,남성,건설기계,21,0,0,0,0,0.0
1129,2020,영등포구,남성,사륜오토바이(AVT),1,0,0,0,0,0.0
1130,2020,영등포구,남성,개인형이동수단(PM),11,0,0,0,0,0.0
1131,2020,영등포구,남성,기타,5,0,0,0,0,0.0
1132,2020,영등포구,여성,승용,271,0,0,0,0,0.0
1133,2020,영등포구,여성,승합,4,0,0,0,0,0.0
1134,2020,영등포구,여성,화물,1,0,0,0,0,0.0
1135,2020,영등포구,여성,이륜,5,0,0,0,0,0.0
1136,2020,영등포구,여성,원동기,3,0,0,0,0,0.0
1137,2020,영등포구,여성,자전거,61,0,0,0,0,0.0
1138,2020,영등포구,여성,개인형이동수단(PM),3,0,0,0,0,0.0
1139,2020,영등포구,알수없음,승합,1,0,0,0,0,0.0
1140,2020,영등포구,알수없음,이륜,1,0,0,0,0,0.0
1141,2020,영등포구,알수없음,자전거,3,0,0,0,0,0.0
1142,2020,영등포구,알수없음,기타,40,0,0,0,0,0.0
1143,2020,강북구,남성,승용,474,0,0,0,2,0.42
1144,2020,강북구,남성,승합,89,0,0,0,0,0.0
1145,2020,강북구,남성,화물,100,0,0,6,0,0.0
1146,2020,강북구,남성,이륜,187,0,0,0,1,0.53
1147,2020,강북구,남성,원동기,16,0,0,0,0,0.0
1148,2020,강북구,남성,자전거,32,0,0,0,0,0.0
1149,2020,강북구,남성,건설기계,9,0,0,0,0,0.0
1150,2020,강북구,남성,개인형이동수단(PM),3,0,0,0,0,0.0
1151,2020,강북구,여성,승용,147,0,0,0,0,0.0
1152,2020,강북구,여성,승합,2,0,0,0,0,0.0
1153,2020,강북구,여성,이륜,6,0,0,0,0,0.0
1154,2020,강북구,여성,원동기,2,0,0,0,0,0.0
1155,2020,강북구,여성,자전거,6,0,0,0,0,0.0
1156,2020,강북구,알수없음,기타,14,0,0,0,0,0.0
1157,2020,용산구,남성,승용,496,0,0,0,4,0.81
1158,2020,용산구,남성,승합,45,0,0,0,0,0.0
1159,2020,용산구,남성,화물,58,0,0,6,2,3.45
1160,2020,용산구,남성,특수,3,0,0,0,1,33.33
1161,2020,용산구,남성,이륜,88,0,0,0,3,3.41
1162,2020,용산구,남성,원동기,3,0,0,0,0,0.0
1163,2020,용산구,남성,자전거,14,0,0,0,0,0.0
1164,2020,용산구,남성,건설기계,6,0,0,0,1,16.67
1165,2020,용산구,남성,농기계,1,0,0,0,0,0.0
1166,2020,용산구,남성,개인형이동수단(PM),4,0,0,0,0,0.0
1167,2020,용산구,남성,기타,3,0,0,0,0,0.0
1168,2020,용산구,여성,승용,131,0,0,0,1,0.76
1169,2020,용산구,여성,승합,4,0,0,0,0,0.0
1170,2020,용산구,여성,화물,2,0,0,0,0,0.0
1171,2020,용산구,여성,이륜,4,0,0,0,0,0.0
1172,2020,용산구,여성,자전거,4,0,0,0,0,0.0
1173,2020,용산구,여성,기타,1,0,0,0,0,0.0
1174,2020,용산구,알수없음,기타,23,0,0,0,0,0.0
1175,2020,은평구,남성,승용,451,0,0,0,3,0.67
1176,2020,은평구,남성,승합,59,0,0,0,3,5.08
1177,2020,은평구,남성,화물,63,1,0,5,1,1.59
1178,2020,은평구,남성,특수,2,0,0,0,0,0.0
1179,2020,은평구,남성,이륜,102,0,0,0,2,1.96
1180,2020,은평구,남성,원동기,46,0,0,0,2,4.35
1181,2020,은평구,남성,자전거,37,0,0,0,1,2.7
1182,2020,은평구,남성,건설기계,9,0,0,0,2,22.22
1183,2020,은평구,남성,개인형이동수단(PM),3,0,0,0,0,0.0
1184,2020,은평구,남성,기타,1,0,0,0,0,0.0
1185,2020,은평구,여성,승용,144,0,0,0,0,0.0
1186,2020,은평구,여성,승합,3,0,0,0,0,0.0
1187,2020,은평구,여성,화물,1,0,0,0,0,0.0
1188,2020,은평구,여성,이륜,1,0,0,0,0,0.0
1189,2020,은평구,여성,원동기,1,0,0,0,0,0.0
1190,2020,은평구,여성,자전거,5,0,0,0,0,0.0
1191,2020,은평구,여성,기타,2,0,0,0,0,0.0
1192,2020,은평구,알수없음,자전거,1,0,0,0,0,0.0
1193,2020,은평구,알수없음,기타,22,0,0,0,0,0.0
1194,2020,종로구,남성,승용,442,0,0,0,2,0.45
1195,2020,종로구,남성,승합,74,0,0,0,1,1.35
1196,2020,종로구,남성,화물,69,0,0,9,0,0.0
1197,2020,종로구,남성,특수,2,0,0,0,0,0.0
1198,2020,종로구,남성,이륜,84,0,0,0,1,1.19
1199,2020,종로구,남성,원동기,40,0,0,0,0,0.0
1200,2020,종로구,남성,자전거,11,0,0,0,1,9.09
1201,2020,종로구,남성,건설기계,5,0,0,0,0,0.0
1202,2020,종로구,남성,사륜오토바이(AVT),1,0,0,0,0,0.0
1203,2020,종로구,남성,개인형이동수단(PM),7,0,0,0,0,0.0
1204,2020,종로구,남성,기타,1,0,0,0,0,0.0
1205,2020,종로구,여성,승용,122,0,0,0,0,0.0
1206,2020,종로구,여성,승합,4,0,0,0,0,0.0
1207,2020,종로구,여성,화물,2,0,0,0,0,0.0
1208,2020,종로구,여성,이륜,1,0,0,0,0,0.0
1209,2020,종로구,여성,원동기,3,0,0,0,0,0.0
1210,2020,종로구,여성,자전거,9,0,0,0,0,0.0
1211,2020,종로구,알수없음,기타,26,0,0,0,0,0.0
1212,2020,중구,남성,승용,447,0,0,0,3,0.67
1213,2020,중구,남성,승합,84,0,0,0,1,1.19
1214,2020,중구,남성,화물,102,0,0,10,0,0.0
1215,2020,중구,남성,특수,1,0,0,0,0,0.0
1216,2020,중구,남성,이륜,93,0,0,0,2,2.15
1217,2020,중구,남성,원동기,44,0,0,0,0,0.0
1218,2020,중구,남성,자전거,17,0,0,0,0,0.0
1219,2020,중구,남성,건설기계,1,0,0,0,0,0.0
1220,2020,중구,남성,개인형이동수단(PM),5,0,0,0,0,0.0
1221,2020,중구,남성,기타,4,0,0,0,0,0.0
1222,2020,중구,여성,승용,121,0,0,0,0,0.0
1223,2020,중구,여성,승합,2,0,0,0,0,0.0
1224,2020,중구,여성,이륜,4,0,0,0,0,0.0
1225,2020,중구,여성,원동기,2,0,0,0,0,0.0
1226,2020,중구,여성,자전거,3,0,0,0,0,0.0
1227,2020,중구,여성,사륜오토바이(AVT),1,0,0,0,0,0.0
1228,2020,중구,여성,개인형이동수단(PM),3,0,0,0,0,0.0
1229,2020,중구,알수없음,이륜,1,0,0,0,0,0.0
1230,2020,중구,알수없음,기타,20,0,0,0,0,0.0
1231,2020,중랑구,남성,승용,616,1,0,0,2,0.32
1232,2020,중랑구,남성,승합,76,0,0,0,1,1.32
1233,2020,중랑구,남성,화물,143,0,0,7,0,0.0
1234,2020,중랑구,남성,특수,4,0,0,0,0,0.0
1235,2020,중랑구,남성,이륜,217,0,0,0,0,0.0
1236,2020,중랑구,남성,원동기,13,0,0,0,0,0.0
1237,2020,중랑구,남성,자전거,82,0,0,0,1,1.22
1238,2020,중랑구,남성,건설기계,4,0,0,0,0,0.0
1239,2020,중랑구,남성,개인형이동수단(PM),3,0,0,0,0,0.0
1240,2020,중랑구,남성,기타,1,0,0,0,0,0.0
1241,2020,중랑구,여성,승용,194,0,0,0,0,0.0
1242,2020,중랑구,여성,승합,7,0,0,0,0,0.0
1243,2020,중랑구,여성,화물,3,0,0,0,0,0.0
1244,2020,중랑구,여성,이륜,9,0,0,0,0,0.0
1245,2020,중랑구,여성,자전거,31,0,0,0,0,0.0
1246,2020,중랑구,여성,개인형이동수단(PM),2,0,0,0,0,0.0
1247,2020,중랑구,알수없음,승용,1,0,0,0,0,0.0
1248,2020,중랑구,알수없음,자전거,1,0,0,0,0,0.0
1249,2020,중랑구,알수없음,기타,40,0,0,0,0,0.0
1250,2020,강서구,남성,승용,743,0,0,0,5,0.67
1251,2020,강서구,남성,승합,92,0,0,0,4,4.35
1252,2020,강서구,남성,화물,154,0,0,8,3,1.95
1253,2020,강서구,남성,특수,3,0,0,0,0,0.0
1254,2020,강서구,남성,이륜,179,0,0,0,3,1.68
1255,2020,강서구,남성,원동기,40,0,0,0,0,0.0
1256,2020,강서구,남성,자전거,53,0,0,0,0,0.0
1257,2020,강서구,남성,건설기계,12,0,0,0,0,0.0
1258,2020,강서구,남성,개인형이동수단(PM),9,0,0,0,0,0.0
1259,2020,강서구,남성,기타,1,0,0,0,0,0.0
1260,2020,강서구,여성,승용,220,0,0,0,1,0.45
1261,2020,강서구,여성,승합,8,0,0,0,0,0.0
1262,2020,강서구,여성,화물,2,0,0,1,1,50.0
1263,2020,강서구,여성,이륜,3,0,0,0,0,0.0
1264,2020,강서구,여성,원동기,4,0,0,0,0,0.0
1265,2020,강서구,여성,자전거,17,0,0,0,0,0.0
1266,2020,강서구,여성,개인형이동수단(PM),1,0,0,0,0,0.0
1267,2020,강서구,알수없음,자전거,3,0,0,0,0,0.0
1268,2020,강서구,알수없음,기타,31,0,0,0,0,0.0
1269,2020,관악구,남성,승용,711,0,0,0,5,0.7
1270,2020,관악구,남성,승합,87,0,0,0,0,0.0
1271,2020,관악구,남성,화물,128,0,0,9,3,2.34
1272,2020,관악구,남성,특수,2,0,0,0,0,0.0
1273,2020,관악구,남성,이륜,203,0,0,0,1,0.49
1274,2020,관악구,남성,원동기,12,0,0,0,0,0.0
1275,2020,관악구,남성,자전거,35,0,0,0,0,0.0
1276,2020,관악구,남성,건설기계,12,0,0,0,0,0.0
1277,2020,관악구,남성,개인형이동수단(PM),17,0,0,0,0,0.0
1278,2020,관악구,남성,기타,1,0,0,0,0,0.0
1279,2020,관악구,여성,승용,202,0,0,0,3,1.49
1280,2020,관악구,여성,승합,7,0,0,0,0,0.0
1281,2020,관악구,여성,이륜,5,0,0,0,0,0.0
1282,2020,관악구,여성,원동기,2,0,0,0,0,0.0
1283,2020,관악구,여성,자전거,9,0,0,0,1,11.11
1284,2020,관악구,여성,개인형이동수단(PM),4,0,0,0,0,0.0
1285,2020,관악구,알수없음,기타,7,0,0,0,0,0.0
1286,2020,광진구,남성,승용,450,0,0,0,1,0.22
1287,2020,광진구,남성,승합,29,0,0,0,0,0.0
1288,2020,광진구,남성,화물,58,0,0,6,2,3.45
1289,2020,광진구,남성,이륜,94,0,0,0,0,0.0
1290,2020,광진구,남성,원동기,31,0,0,0,1,3.23
1291,2020,광진구,남성,자전거,36,0,0,0,0,0.0
1292,2020,광진구,남성,건설기계,5,0,0,0,0,0.0
1293,2020,광진구,남성,개인형이동수단(PM),15,0,0,0,0,0.0
1294,2020,광진구,여성,승용,107,0,0,0,0,0.0
1295,2020,광진구,여성,승합,2,0,0,0,0,0.0
1296,2020,광진구,여성,이륜,6,0,0,0,0,0.0
1297,2020,광진구,여성,원동기,1,0,0,0,0,0.0
1298,2020,광진구,여성,자전거,9,0,0,0,0,0.0
1299,2020,광진구,여성,개인형이동수단(PM),9,0,0,0,0,0.0
1300,2020,광진구,알수없음,이륜,1,0,0,0,0,0.0
1301,2020,광진구,알수없음,기타,16,0,0,0,0,0.0
1302,2020,구로구,남성,승용,654,0,0,0,2,0.31
1303,2020,구로구,남성,승합,102,0,0,0,1,0.98
1304,2020,구로구,남성,화물,108,0,0,6,1,0.93
1305,2020,구로구,남성,특수,5,0,0,0,0,0.0
1306,2020,구로구,남성,이륜,160,0,0,0,5,3.13
1307,2020,구로구,남성,원동기,12,0,0,0,0,0.0
1308,2020,구로구,남성,자전거,47,0,0,0,0,0.0
1309,2020,구로구,남성,건설기계,10,0,0,0,1,10.0
1310,2020,구로구,남성,개인형이동수단(PM),8,0,0,0,0,0.0
1311,2020,구로구,여성,승용,176,0,0,0,0,0.0
1312,2020,구로구,여성,승합,6,0,0,0,0,0.0
1313,2020,구로구,여성,화물,4,0,0,0,0,0.0
1314,2020,구로구,여성,이륜,5,0,0,0,0,0.0
1315,2020,구로구,여성,원동기,1,0,0,0,0,0.0
1316,2020,구로구,여성,자전거,10,0,0,0,0,0.0
1317,2020,구로구,여성,개인형이동수단(PM),4,0,0,0,0,0.0
1318,2020,구로구,알수없음,승합,1,0,0,0,0,0.0
1319,2020,구로구,알수없음,자전거,1,0,0,0,0,0.0
1320,2020,구로구,알수없음,기타,11,0,0,0,0,0.0
1321,2020,금천구,남성,승용,382,0,0,0,3,0.79
1322,2020,금천구,남성,승합,72,0,0,0,0,0.0
1323,2020,금천구,남성,화물,84,0,0,8,1,1.19
1324,2020,금천구,남성,특수,5,0,0,0,0,0.0
1325,2020,금천구,남성,이륜,99,0,0,0,0,0.0
1326,2020,금천구,남성,원동기,4,0,0,0,0,0.0
1327,2020,금천구,남성,자전거,29,0,0,0,1,3.45
1328,2020,금천구,남성,건설기계,9,0,0,0,0,0.0
1329,2020,금천구,남성,개인형이동수단(PM),6,0,0,0,0,0.0
1330,2020,금천구,여성,승용,88,0,0,0,1,1.14
1331,2020,금천구,여성,승합,3,0,0,0,0,0.0
1332,2020,금천구,여성,이륜,1,0,0,0,0,0.0
1333,2020,금천구,여성,원동기,1,0,0,0,0,0.0
1334,2020,금천구,여성,자전거,7,0,0,0,0,0.0
1335,2020,금천구,여성,개인형이동수단(PM),1,0,0,0,0,0.0
1336,2020,금천구,여성,기타,1,0,0,0,0,0.0
1337,2020,금천구,알수없음,승용,1,0,0,0,0,0.0
1338,2020,금천구,알수없음,기타,17,0,0,0,0,0.0
1339,2020,노원구,남성,승용,632,0,1,0,3,0.47
1340,2020,노원구,남성,승합,78,0,0,0,0,0.0
1341,2020,노원구,남성,화물,119,0,0,8,0,0.0
1342,2020,노원구,남성,특수,4,0,0,0,0,0.0
1343,2020,노원구,남성,이륜,171,0,0,0,1,0.58
1344,2020,노원구,남성,원동기,11,0,0,0,0,0.0
1345,2020,노원구,남성,자전거,81,0,0,0,0,0.0
1346,2020,노원구,남성,건설기계,11,0,0,0,0,0.0
1347,2020,노원구,남성,개인형이동수단(PM),5,0,0,0,0,0.0
1348,2020,노원구,여성,승용,264,0,0,0,1,0.38
1349,2020,노원구,여성,승합,3,0,0,0,0,0.0
1350,2020,노원구,여성,화물,4,0,0,1,0,0.0
1351,2020,노원구,여성,이륜,1,0,0,0,0,0.0
1352,2020,노원구,여성,원동기,1,0,0,0,0,0.0
1353,2020,노원구,여성,자전거,30,0,0,0,0,0.0
1354,2020,노원구,여성,개인형이동수단(PM),2,0,0,0,0,0.0
1355,2020,노원구,여성,기타,1,0,0,0,0,0.0
1356,2020,노원구,알수없음,자전거,1,0,0,0,0,0.0
1357,2020,노원구,알수없음,기타,43,0,0,0,0,0.0
1358,2020,도봉구,남성,승용,287,0,0,0,3,1.05
1359,2020,도봉구,남성,승합,57,1,2,0,0,0.0
1360,2020,도봉구,남성,화물,67,0,0,1,2,2.99
1361,2020,도봉구,남성,특수,1,0,0,0,0,0.0
1362,2020,도봉구,남성,이륜,106,0,0,0,1,0.94
1363,2020,도봉구,남성,원동기,17,0,0,0,0,0.0
1364,2020,도봉구,남성,자전거,43,0,0,0,1,2.33
1365,2020,도봉구,남성,건설기계,5,0,0,0,0,0.0
1366,2020,도봉구,남성,개인형이동수단(PM),6,0,0,0,0,0.0
1367,2020,도봉구,여성,승용,127,0,0,0,0,0.0
1368,2020,도봉구,여성,이륜,1,0,0,0,0,0.0
1369,2020,도봉구,여성,자전거,13,0,0,0,0,0.0
1370,2020,도봉구,알수없음,자전거,1,0,0,0,0,0.0
1371,2020,도봉구,알수없음,기타,10,0,0,0,0,0.0
1372,2020,강남구,남성,승용,2012,0,0,0,5,0.25
1373,2020,강남구,남성,승합,127,0,0,0,0,0.0
1374,2020,강남구,남성,화물,194,0,0,13,3,1.55
1375,2020,강남구,남성,특수,4,0,0,0,0,0.0
1376,2020,강남구,남성,이륜,312,0,0,0,6,1.92
1377,2020,강남구,남성,원동기,14,0,0,0,0,0.0
1378,2020,강남구,남성,자전거,74,0,0,0,0,0.0
1379,2020,강남구,남성,건설기계,31,0,0,0,1,3.23
1380,2020,강남구,남성,개인형이동수단(PM),62,0,0,0,0,0.0
1381,2020,강남구,남성,기타,5,0,0,0,0,0.0
1382,2020,강남구,여성,승용,749,0,0,0,1,0.13
1383,2020,강남구,여성,승합,2,0,0,0,0,0.0
1384,2020,강남구,여성,화물,3,0,0,0,0,0.0
1385,2020,강남구,여성,이륜,6,0,0,0,1,16.67
1386,2020,강남구,여성,원동기,1,0,0,0,0,0.0
1387,2020,강남구,여성,자전거,24,0,0,0,0,0.0
1388,2020,강남구,여성,개인형이동수단(PM),32,0,0,0,0,0.0
1389,2020,강남구,여성,기타,3,0,0,0,0,0.0
1390,2020,강남구,알수없음,승용,3,0,0,0,0,0.0
1391,2020,강남구,알수없음,이륜,1,0,0,0,0,0.0
1392,2020,강남구,알수없음,자전거,1,0,0,0,0,0.0
1393,2020,강남구,알수없음,기타,92,0,0,0,0,0.0
1394,2021,강동구,남성,승용,495,0,0,0,6,1.21
1395,2021,강동구,남성,승합,53,0,0,0,0,0.0
1396,2021,강동구,남성,화물,105,0,0,12,1,0.95
1397,2021,강동구,남성,특수,3,0,0,0,0,0.0
1398,2021,강동구,남성,이륜,92,0,0,0,0,0.0
1399,2021,강동구,남성,원동기,29,0,0,0,1,3.45
1400,2021,강동구,남성,자전거,40,0,0,0,0,0.0
1401,2021,강동구,남성,건설기계,12,0,0,0,1,8.33
1402,2021,강동구,남성,개인형이동수단(PM),5,0,0,0,0,0.0
1403,2021,강동구,여성,승용,162,0,0,0,0,0.0
1404,2021,강동구,여성,승합,3,0,0,0,0,0.0
1405,2021,강동구,여성,화물,3,0,0,0,0,0.0
1406,2021,강동구,여성,이륜,2,0,0,0,0,0.0
1407,2021,강동구,여성,원동기,1,0,0,0,0,0.0
1408,2021,강동구,여성,자전거,15,0,0,0,0,0.0
1409,2021,강동구,여성,개인형이동수단(PM),2,0,0,0,0,0.0
1410,2021,강동구,알수없음,원동기,1,0,0,0,0,0.0
1411,2021,강동구,알수없음,자전거,1,0,0,0,0,0.0
1412,2021,강동구,알수없음,기타,23,0,0,0,0,0.0
1413,2021,동대문구,남성,승용,586,0,0,0,6,1.02
1414,2021,동대문구,남성,승합,71,0,0,0,3,4.23
1415,2021,동대문구,남성,화물,145,0,0,14,2,1.38
1416,2021,동대문구,남성,특수,2,0,0,0,0,0.0
1417,2021,동대문구,남성,이륜,224,0,0,0,3,1.34
1418,2021,동대문구,남성,원동기,31,0,0,0,0,0.0
1419,2021,동대문구,남성,자전거,64,0,0,0,2,3.13
1420,2021,동대문구,남성,건설기계,14,0,0,0,1,7.14
1421,2021,동대문구,남성,농기계,1,0,0,0,0,0.0
1422,2021,동대문구,남성,사륜오토바이(AVT),1,0,0,0,0,0.0
1423,2021,동대문구,남성,개인형이동수단(PM),12,0,0,0,0,0.0
1424,2021,동대문구,남성,기타,1,0,0,0,0,0.0
1425,2021,동대문구,여성,승용,177,0,0,0,0,0.0
1426,2021,동대문구,여성,승합,2,0,0,0,0,0.0
1427,2021,동대문구,여성,화물,1,0,0,0,0,0.0
1428,2021,동대문구,여성,이륜,8,0,0,0,0,0.0
1429,2021,동대문구,여성,원동기,2,0,0,0,0,0.0
1430,2021,동대문구,여성,자전거,29,0,0,0,0,0.0
1431,2021,동대문구,여성,사륜오토바이(AVT),1,0,0,0,0,0.0
1432,2021,동대문구,여성,개인형이동수단(PM),2,0,0,0,0,0.0
1433,2021,동대문구,알수없음,자전거,1,0,0,0,0,0.0
1434,2021,동대문구,알수없음,기타,15,0,0,0,0,0.0
1435,2021,동작구,남성,승용,505,0,0,0,3,0.59
1436,2021,동작구,남성,승합,66,0,0,0,2,3.03
1437,2021,동작구,남성,화물,117,0,0,8,3,2.56
1438,2021,동작구,남성,특수,2,0,0,0,0,0.0
1439,2021,동작구,남성,이륜,171,0,0,0,0,0.0
1440,2021,동작구,남성,원동기,12,0,0,0,0,0.0
1441,2021,동작구,남성,자전거,41,0,0,0,0,0.0
1442,2021,동작구,남성,건설기계,12,0,0,0,2,16.67
1443,2021,동작구,남성,개인형이동수단(PM),18,0,0,0,0,0.0
1444,2021,동작구,남성,기타,1,0,0,0,0,0.0
1445,2021,동작구,여성,승용,166,0,0,0,1,0.6
1446,2021,동작구,여성,승합,1,0,0,0,0,0.0
1447,2021,동작구,여성,화물,3,0,0,1,0,0.0
1448,2021,동작구,여성,이륜,5,0,0,0,0,0.0
1449,2021,동작구,여성,자전거,10,0,0,0,0,0.0
1450,2021,동작구,여성,개인형이동수단(PM),3,0,0,0,0,0.0
1451,2021,동작구,알수없음,자전거,1,0,0,0,0,0.0
1452,2021,동작구,알수없음,기타,14,0,0,0,0,0.0
1453,2021,마포구,남성,승용,543,0,0,0,4,0.74
1454,2021,마포구,남성,승합,58,0,0,0,2,3.45
1455,2021,마포구,남성,화물,83,0,0,14,3,3.61
1456,2021,마포구,남성,특수,1,0,0,0,0,0.0
1457,2021,마포구,남성,이륜,91,0,0,0,3,3.3
1458,2021,마포구,남성,원동기,21,0,0,0,0,0.0
1459,2021,마포구,남성,자전거,35,0,0,0,1,2.86
1460,2021,마포구,남성,건설기계,8,0,0,0,0,0.0
1461,2021,마포구,남성,개인형이동수단(PM),23,0,0,0,0,0.0
1462,2021,마포구,여성,승용,169,0,0,0,1,0.59
1463,2021,마포구,여성,승합,2,0,0,0,0,0.0
1464,2021,마포구,여성,화물,1,0,0,0,0,0.0
1465,2021,마포구,여성,이륜,6,0,0,0,0,0.0
1466,2021,마포구,여성,원동기,1,0,0,0,0,0.0
1467,2021,마포구,여성,자전거,16,0,0,0,0,0.0
1468,2021,마포구,여성,개인형이동수단(PM),10,0,0,0,0,0.0
1469,2021,마포구,여성,기타,1,0,0,0,0,0.0
1470,2021,마포구,알수없음,이륜,1,0,0,0,0,0.0
1471,2021,마포구,알수없음,자전거,1,0,0,0,0,0.0
1472,2021,마포구,알수없음,기타,31,0,0,0,0,0.0
1473,2021,서대문구,남성,승용,399,0,0,0,4,1.0
1474,2021,서대문구,남성,승합,83,0,0,0,0,0.0
1475,2021,서대문구,남성,화물,74,0,0,2,1,1.35
1476,2021,서대문구,남성,특수,4,0,0,0,0,0.0
1477,2021,서대문구,남성,이륜,145,0,0,0,2,1.38
1478,2021,서대문구,남성,원동기,27,0,0,0,1,3.7
1479,2021,서대문구,남성,자전거,26,0,0,0,0,0.0
1480,2021,서대문구,남성,건설기계,7,0,0,0,1,14.29
1481,2021,서대문구,남성,개인형이동수단(PM),10,0,0,0,0,0.0
1482,2021,서대문구,여성,승용,127,0,0,0,0,0.0
1483,2021,서대문구,여성,화물,3,0,0,1,0,0.0
1484,2021,서대문구,여성,이륜,4,0,0,0,0,0.0
1485,2021,서대문구,여성,자전거,10,0,0,0,0,0.0
1486,2021,서대문구,여성,개인형이동수단(PM),2,0,0,0,0,0.0
1487,2021,서대문구,알수없음,기타,9,0,0,0,0,0.0
1488,2021,서초구,남성,승용,985,0,0,0,4,0.41
1489,2021,서초구,남성,승합,160,0,0,0,1,0.63
1490,2021,서초구,남성,화물,153,0,0,10,1,0.65
1491,2021,서초구,남성,특수,8,0,0,0,0,0.0
1492,2021,서초구,남성,이륜,173,0,0,0,1,0.58
1493,2021,서초구,남성,원동기,1,0,0,0,0,0.0
1494,2021,서초구,남성,자전거,39,0,0,0,0,0.0
1495,2021,서초구,남성,건설기계,15,0,0,0,0,0.0
1496,2021,서초구,남성,사륜오토바이(AVT),1,0,0,0,0,0.0
1497,2021,서초구,남성,개인형이동수단(PM),22,0,0,0,0,0.0
1498,2021,서초구,여성,승용,469,0,0,0,1,0.21
1499,2021,서초구,여성,승합,1,0,0,0,0,0.0
1500,2021,서초구,여성,화물,5,0,0,0,0,0.0
1501,2021,서초구,여성,이륜,3,0,0,0,0,0.0
1502,2021,서초구,여성,원동기,1,0,0,0,0,0.0
1503,2021,서초구,여성,자전거,9,0,0,0,0,0.0
1504,2021,서초구,여성,개인형이동수단(PM),8,0,0,0,0,0.0
1505,2021,서초구,알수없음,화물,1,0,0,0,0,0.0
1506,2021,서초구,알수없음,이륜,1,0,0,0,0,0.0
1507,2021,서초구,알수없음,자전거,3,0,0,0,0,0.0
1508,2021,서초구,알수없음,기타,60,0,0,0,0,0.0
1509,2021,성동구,남성,승용,473,0,0,0,5,1.06
1510,2021,성동구,남성,승합,29,0,0,0,0,0.0
1511,2021,성동구,남성,화물,118,0,0,8,1,0.85
1512,2021,성동구,남성,특수,1,0,0,0,0,0.0
1513,2021,성동구,남성,이륜,115,0,0,0,0,0.0
1514,2021,성동구,남성,원동기,17,0,0,0,0,0.0
1515,2021,성동구,남성,자전거,64,0,0,0,0,0.0
1516,2021,성동구,남성,건설기계,10,0,0,0,1,10.0
1517,2021,성동구,남성,개인형이동수단(PM),6,0,0,0,0,0.0
1518,2021,성동구,여성,승용,158,0,0,0,1,0.63
1519,2021,성동구,여성,승합,1,0,0,0,0,0.0
1520,2021,성동구,여성,화물,1,0,0,0,0,0.0
1521,2021,성동구,여성,이륜,4,0,0,0,0,0.0
1522,2021,성동구,여성,원동기,1,0,0,0,0,0.0
1523,2021,성동구,여성,자전거,23,0,0,0,0,0.0
1524,2021,성동구,여성,개인형이동수단(PM),9,0,0,0,0,0.0
1525,2021,성동구,알수없음,승용,3,0,0,0,0,0.0
1526,2021,성동구,알수없음,개인형이동수단(PM),1,0,0,0,0,0.0
1527,2021,성동구,알수없음,기타,23,0,0,0,0,0.0
1528,2021,성북구,남성,승용,619,0,0,0,4,0.65
1529,2021,성북구,남성,승합,82,0,0,0,2,2.44
1530,2021,성북구,남성,화물,111,0,0,5,3,2.7
1531,2021,성북구,남성,특수,1,0,0,0,0,0.0
1532,2021,성북구,남성,이륜,154,0,0,0,5,3.25
1533,2021,성북구,남성,원동기,11,0,0,0,0,0.0
1534,2021,성북구,남성,자전거,34,0,0,0,1,2.94
1535,2021,성북구,남성,건설기계,8,0,0,0,0,0.0
1536,2021,성북구,남성,개인형이동수단(PM),4,0,0,0,0,0.0
1537,2021,성북구,남성,기타,2,0,0,0,0,0.0
1538,2021,성북구,여성,승용,207,0,0,0,0,0.0
1539,2021,성북구,여성,승합,5,0,0,0,0,0.0
1540,2021,성북구,여성,화물,3,0,0,0,0,0.0
1541,2021,성북구,여성,이륜,6,0,0,0,0,0.0
1542,2021,성북구,여성,원동기,1,0,0,0,0,0.0
1543,2021,성북구,여성,자전거,11,0,0,0,0,0.0
1544,2021,성북구,여성,기타,1,0,0,0,0,0.0
1545,2021,성북구,알수없음,원동기,1,0,0,0,0,0.0
1546,2021,성북구,알수없음,자전거,1,0,0,0,0,0.0
1547,2021,성북구,알수없음,개인형이동수단(PM),1,0,0,0,0,0.0
1548,2021,성북구,알수없음,기타,22,0,0,0,0,0.0
1549,2021,송파구,남성,승용,1172,0,0,0,0,0.0
1550,2021,송파구,남성,승합,104,0,0,0,3,2.88
1551,2021,송파구,남성,화물,201,0,0,16,8,3.98
1552,2021,송파구,남성,특수,6,0,0,0,0,0.0
1553,2021,송파구,남성,이륜,244,0,0,0,1,0.41
1554,2021,송파구,남성,원동기,36,0,0,0,0,0.0
1555,2021,송파구,남성,자전거,136,0,0,0,0,0.0
1556,2021,송파구,남성,건설기계,23,0,0,0,0,0.0
1557,2021,송파구,남성,개인형이동수단(PM),36,0,0,0,0,0.0
1558,2021,송파구,남성,기타,8,0,0,0,0,0.0
1559,2021,송파구,여성,승용,468,0,0,0,2,0.43
1560,2021,송파구,여성,승합,7,0,0,0,0,0.0
1561,2021,송파구,여성,화물,2,0,0,0,0,0.0
1562,2021,송파구,여성,특수,1,0,0,0,0,0.0
1563,2021,송파구,여성,이륜,10,0,0,0,0,0.0
1564,2021,송파구,여성,자전거,62,0,0,0,0,0.0
1565,2021,송파구,여성,개인형이동수단(PM),21,0,0,0,0,0.0
1566,2021,송파구,여성,기타,1,0,0,0,0,0.0
1567,2021,송파구,알수없음,자전거,2,0,0,0,0,0.0
1568,2021,송파구,알수없음,기타,67,0,0,0,0,0.0
1569,2021,양천구,남성,승용,614,0,0,0,7,1.14
1570,2021,양천구,남성,승합,54,0,0,0,0,0.0
1571,2021,양천구,남성,화물,111,0,0,3,1,0.9
1572,2021,양천구,남성,특수,2,0,0,0,0,0.0
1573,2021,양천구,남성,이륜,116,0,0,0,2,1.72
1574,2021,양천구,남성,원동기,21,0,0,0,0,0.0
1575,2021,양천구,남성,자전거,44,0,0,0,2,4.55
1576,2021,양천구,남성,건설기계,11,0,0,0,0,0.0
1577,2021,양천구,남성,개인형이동수단(PM),4,0,0,0,0,0.0
1578,2021,양천구,남성,기타,1,0,0,0,0,0.0
1579,2021,양천구,여성,승용,262,0,0,0,2,0.76
1580,2021,양천구,여성,승합,3,0,0,0,0,0.0
1581,2021,양천구,여성,이륜,2,0,0,0,0,0.0
1582,2021,양천구,여성,자전거,14,0,0,0,0,0.0
1583,2021,양천구,여성,개인형이동수단(PM),1,0,0,0,0,0.0
1584,2021,양천구,알수없음,승용,1,0,0,0,0,0.0
1585,2021,양천구,알수없음,기타,44,0,0,0,0,0.0
1586,2021,영등포구,남성,승용,1055,0,0,0,7,0.66
1587,2021,영등포구,남성,승합,108,0,0,0,2,1.85
1588,2021,영등포구,남성,화물,189,1,0,15,5,2.65
1589,2021,영등포구,남성,특수,4,0,0,0,0,0.0
1590,2021,영등포구,남성,이륜,204,0,0,0,0,0.0
1591,2021,영등포구,남성,원동기,26,0,0,0,0,0.0
1592,2021,영등포구,남성,자전거,138,0,0,0,1,0.72
1593,2021,영등포구,남성,건설기계,22,0,0,0,0,0.0
1594,2021,영등포구,남성,개인형이동수단(PM),9,0,0,0,0,0.0
1595,2021,영등포구,남성,기타,1,0,0,0,0,0.0
1596,2021,영등포구,여성,승용,310,0,0,0,0,0.0
1597,2021,영등포구,여성,승합,5,0,0,0,0,0.0
1598,2021,영등포구,여성,화물,3,0,0,1,0,0.0
1599,2021,영등포구,여성,이륜,5,0,0,0,0,0.0
1600,2021,영등포구,여성,원동기,2,0,0,0,0,0.0
1601,2021,영등포구,여성,자전거,54,0,0,0,0,0.0
1602,2021,영등포구,여성,개인형이동수단(PM),4,0,0,0,0,0.0
1603,2021,영등포구,여성,기타,2,0,0,0,0,0.0
1604,2021,영등포구,알수없음,이륜,1,0,0,0,0,0.0
1605,2021,영등포구,알수없음,자전거,4,0,0,0,0,0.0
1606,2021,영등포구,알수없음,기타,32,0,0,0,0,0.0
1607,2021,강북구,남성,승용,428,0,0,0,2,0.47
1608,2021,강북구,남성,승합,87,0,0,0,0,0.0
1609,2021,강북구,남성,화물,90,0,0,4,1,1.11
1610,2021,강북구,남성,특수,1,0,0,0,0,0.0
1611,2021,강북구,남성,이륜,184,0,0,0,1,0.54
1612,2021,강북구,남성,원동기,10,0,0,0,0,0.0
1613,2021,강북구,남성,자전거,34,0,0,0,0,0.0
1614,2021,강북구,남성,건설기계,6,0,0,0,1,16.67
1615,2021,강북구,남성,개인형이동수단(PM),14,0,0,0,0,0.0
1616,2021,강북구,여성,승용,126,0,0,0,1,0.79
1617,2021,강북구,여성,승합,4,0,0,0,0,0.0
1618,2021,강북구,여성,이륜,1,0,0,0,0,0.0
1619,2021,강북구,여성,원동기,2,0,0,0,0,0.0
1620,2021,강북구,여성,자전거,21,0,0,0,0,0.0
1621,2021,강북구,여성,개인형이동수단(PM),2,0,0,0,0,0.0
1622,2021,강북구,알수없음,자전거,1,0,0,0,0,0.0
1623,2021,강북구,알수없음,기타,6,0,0,0,0,0.0
1624,2021,용산구,남성,승용,512,0,0,0,1,0.2
1625,2021,용산구,남성,승합,62,0,0,0,1,1.61
1626,2021,용산구,남성,화물,80,0,0,5,1,1.25
1627,2021,용산구,남성,특수,2,0,0,0,1,50.0
1628,2021,용산구,남성,이륜,105,0,0,0,1,0.95
1629,2021,용산구,남성,원동기,1,0,0,0,0,0.0
1630,2021,용산구,남성,자전거,39,0,0,0,0,0.0
1631,2021,용산구,남성,건설기계,4,0,0,0,0,0.0
1632,2021,용산구,남성,개인형이동수단(PM),5,0,0,0,0,0.0
1633,2021,용산구,남성,기타,2,0,0,0,0,0.0
1634,2021,용산구,여성,승용,158,0,0,0,0,0.0
1635,2021,용산구,여성,승합,2,0,0,0,0,0.0
1636,2021,용산구,여성,이륜,3,0,0,0,0,0.0
1637,2021,용산구,여성,자전거,9,0,0,0,0,0.0
1638,2021,용산구,여성,개인형이동수단(PM),1,0,0,0,0,0.0
1639,2021,용산구,알수없음,승용,1,0,0,0,0,0.0
1640,2021,용산구,알수없음,이륜,1,0,0,0,0,0.0
1641,2021,용산구,알수없음,기타,27,0,0,0,0,0.0
1642,2021,은평구,남성,승용,374,0,0,0,1,0.27
1643,2021,은평구,남성,승합,54,1,0,0,1,1.85
1644,2021,은평구,남성,화물,77,0,0,5,2,2.6
1645,2021,은평구,남성,특수,1,0,0,0,0,0.0
1646,2021,은평구,남성,이륜,117,0,0,0,2,1.71
1647,2021,은평구,남성,원동기,24,0,0,0,1,4.17
1648,2021,은평구,남성,자전거,45,0,0,0,2,4.44
1649,2021,은평구,남성,건설기계,8,0,0,0,1,12.5
1650,2021,은평구,남성,사륜오토바이(AVT),1,0,0,0,0,0.0
1651,2021,은평구,남성,개인형이동수단(PM),11,0,0,0,0,0.0
1652,2021,은평구,여성,승용,118,0,0,0,1,0.85
1653,2021,은평구,여성,승합,4,0,0,0,0,0.0
1654,2021,은평구,여성,이륜,4,0,0,0,0,0.0
1655,2021,은평구,여성,원동기,4,0,0,0,0,0.0
1656,2021,은평구,여성,자전거,10,0,0,0,0,0.0
1657,2021,은평구,여성,개인형이동수단(PM),3,0,0,0,0,0.0
1658,2021,은평구,알수없음,자전거,1,0,0,0,0,0.0
1659,2021,은평구,알수없음,기타,11,0,0,0,0,0.0
1660,2021,종로구,남성,승용,371,0,0,0,1,0.27
1661,2021,종로구,남성,승합,59,0,0,0,1,1.69
1662,2021,종로구,남성,화물,61,0,0,7,2,3.28
1663,2021,종로구,남성,특수,3,0,0,0,0,0.0
1664,2021,종로구,남성,이륜,98,0,0,0,1,1.02
1665,2021,종로구,남성,원동기,22,0,0,0,1,4.55
1666,2021,종로구,남성,자전거,15,0,0,0,0,0.0
1667,2021,종로구,남성,건설기계,2,0,0,0,0,0.0
1668,2021,종로구,남성,사륜오토바이(AVT),1,0,0,0,0,0.0
1669,2021,종로구,남성,개인형이동수단(PM),1,0,0,0,0,0.0
1670,2021,종로구,남성,기타,1,0,0,0,0,0.0
1671,2021,종로구,여성,승용,112,0,0,0,0,0.0
1672,2021,종로구,여성,승합,2,0,0,0,0,0.0
1673,2021,종로구,여성,화물,1,0,0,0,0,0.0
1674,2021,종로구,여성,이륜,3,0,0,0,0,0.0
1675,2021,종로구,여성,원동기,1,0,0,0,0,0.0
1676,2021,종로구,여성,자전거,4,0,0,0,0,0.0
1677,2021,종로구,여성,개인형이동수단(PM),2,0,0,0,0,0.0
1678,2021,종로구,알수없음,승용,2,0,0,0,0,0.0
1679,2021,종로구,알수없음,이륜,1,0,0,0,0,0.0
1680,2021,종로구,알수없음,개인형이동수단(PM),1,0,0,0,0,0.0
1681,2021,종로구,알수없음,기타,15,0,0,0,0,0.0
1682,2021,중구,남성,승용,420,0,0,0,1,0.24
1683,2021,중구,남성,승합,71,0,0,0,1,1.41
1684,2021,중구,남성,화물,77,0,0,13,0,0.0
1685,2021,중구,남성,특수,1,0,0,0,0,0.0
1686,2021,중구,남성,이륜,90,0,0,0,1,1.11
1687,2021,중구,남성,원동기,31,0,0,0,0,0.0
1688,2021,중구,남성,자전거,14,0,0,0,0,0.0
1689,2021,중구,남성,건설기계,4,0,0,0,0,0.0
1690,2021,중구,남성,개인형이동수단(PM),7,0,0,0,0,0.0
1691,2021,중구,여성,승용,113,0,0,0,0,0.0
1692,2021,중구,여성,승합,1,0,0,0,0,0.0
1693,2021,중구,여성,화물,1,0,0,0,0,0.0
1694,2021,중구,여성,이륜,2,0,0,0,0,0.0
1695,2021,중구,여성,원동기,3,0,0,0,0,0.0
1696,2021,중구,여성,자전거,3,0,0,0,0,0.0
1697,2021,중구,여성,개인형이동수단(PM),1,0,0,0,0,0.0
1698,2021,중구,알수없음,기타,15,0,0,0,0,0.0
1699,2021,중랑구,남성,승용,562,1,0,0,3,0.53
1700,2021,중랑구,남성,승합,72,0,0,0,1,1.39
1701,2021,중랑구,남성,화물,142,0,0,11,0,0.0
1702,2021,중랑구,남성,특수,3,0,0,0,0,0.0
1703,2021,중랑구,남성,이륜,184,0,0,0,1,0.54
1704,2021,중랑구,남성,원동기,18,0,0,0,1,5.56
1705,2021,중랑구,남성,자전거,71,0,0,0,0,0.0
1706,2021,중랑구,남성,건설기계,7,0,0,0,1,14.29
1707,2021,중랑구,남성,개인형이동수단(PM),16,0,0,0,0,0.0
1708,2021,중랑구,남성,기타,3,0,0,0,0,0.0
1709,2021,중랑구,여성,승용,195,0,0,0,0,0.0
1710,2021,중랑구,여성,승합,2,0,0,0,0,0.0
1711,2021,중랑구,여성,화물,3,0,0,0,0,0.0
1712,2021,중랑구,여성,이륜,10,0,0,0,0,0.0
1713,2021,중랑구,여성,원동기,1,0,0,0,0,0.0
1714,2021,중랑구,여성,자전거,27,0,0,0,0,0.0
1715,2021,중랑구,여성,개인형이동수단(PM),3,0,0,0,0,0.0
1716,2021,중랑구,알수없음,기타,54,0,0,0,0,0.0
1717,2021,강서구,남성,승용,645,0,1,0,3,0.47
1718,2021,강서구,남성,승합,99,0,0,0,2,2.02
1719,2021,강서구,남성,화물,110,0,0,13,2,1.82
1720,2021,강서구,남성,특수,5,0,0,0,0,0.0
1721,2021,강서구,남성,이륜,185,0,0,0,3,1.62
1722,2021,강서구,남성,원동기,37,0,0,0,1,2.7
1723,2021,강서구,남성,자전거,67,0,0,0,1,1.49
1724,2021,강서구,남성,건설기계,11,0,0,0,1,9.09
1725,2021,강서구,남성,개인형이동수단(PM),12,0,0,0,0,0.0
1726,2021,강서구,남성,기타,1,0,0,0,0,0.0
1727,2021,강서구,여성,승용,237,0,0,0,0,0.0
1728,2021,강서구,여성,승합,3,0,0,0,0,0.0
1729,2021,강서구,여성,화물,2,0,0,0,0,0.0
1730,2021,강서구,여성,이륜,5,0,0,0,0,0.0
1731,2021,강서구,여성,원동기,1,0,0,0,0,0.0
1732,2021,강서구,여성,자전거,31,0,0,0,0,0.0
1733,2021,강서구,여성,개인형이동수단(PM),4,0,0,0,0,0.0
1734,2021,강서구,알수없음,이륜,2,0,0,0,0,0.0
1735,2021,강서구,알수없음,자전거,1,0,0,0,0,0.0
1736,2021,강서구,알수없음,개인형이동수단(PM),2,0,0,0,0,0.0
1737,2021,강서구,알수없음,기타,41,0,0,0,0,0.0
1738,2021,관악구,남성,승용,677,0,0,0,7,1.03
1739,2021,관악구,남성,승합,116,0,0,0,0,0.0
1740,2021,관악구,남성,화물,92,0,0,10,0,0.0
1741,2021,관악구,남성,특수,5,0,0,0,0,0.0
1742,2021,관악구,남성,이륜,234,0,0,0,1,0.43
1743,2021,관악구,남성,원동기,15,0,0,0,0,0.0
1744,2021,관악구,남성,자전거,26,0,0,0,0,0.0
1745,2021,관악구,남성,건설기계,8,0,0,0,0,0.0
1746,2021,관악구,남성,개인형이동수단(PM),13,0,0,0,0,0.0
1747,2021,관악구,여성,승용,210,0,0,0,0,0.0
1748,2021,관악구,여성,승합,4,0,0,0,0,0.0
1749,2021,관악구,여성,화물,1,0,0,0,0,0.0
1750,2021,관악구,여성,이륜,6,0,0,0,0,0.0
1751,2021,관악구,여성,자전거,5,0,0,0,0,0.0
1752,2021,관악구,여성,개인형이동수단(PM),1,0,0,0,0,0.0
1753,2021,관악구,알수없음,승용,1,0,0,0,0,0.0
1754,2021,관악구,알수없음,기타,5,0,0,0,0,0.0
1755,2021,광진구,남성,승용,411,0,0,0,2,0.49
1756,2021,광진구,남성,승합,54,0,0,0,0,0.0
1757,2021,광진구,남성,화물,68,0,0,9,2,2.94
1758,2021,광진구,남성,이륜,102,0,0,0,0,0.0
1759,2021,광진구,남성,원동기,32,0,0,0,0,0.0
1760,2021,광진구,남성,자전거,49,0,0,0,0,0.0
1761,2021,광진구,남성,건설기계,7,0,0,0,0,0.0
1762,2021,광진구,남성,사륜오토바이(AVT),1,0,0,0,0,0.0
1763,2021,광진구,남성,개인형이동수단(PM),14,0,0,0,0,0.0
1764,2021,광진구,여성,승용,115,0,0,0,0,0.0
1765,2021,광진구,여성,승합,1,0,0,0,0,0.0
1766,2021,광진구,여성,이륜,2,0,0,0,0,0.0
1767,2021,광진구,여성,원동기,2,0,0,0,0,0.0
1768,2021,광진구,여성,자전거,21,0,0,0,0,0.0
1769,2021,광진구,여성,개인형이동수단(PM),5,0,0,0,0,0.0
1770,2021,광진구,알수없음,이륜,1,0,0,0,0,0.0
1771,2021,광진구,알수없음,자전거,1,0,0,0,0,0.0
1772,2021,광진구,알수없음,기타,36,0,0,0,0,0.0
1773,2021,구로구,남성,승용,626,0,0,0,4,0.64
1774,2021,구로구,남성,승합,101,0,0,0,0,0.0
1775,2021,구로구,남성,화물,140,0,0,13,0,0.0
1776,2021,구로구,남성,특수,3,0,0,0,0,0.0
1777,2021,구로구,남성,이륜,164,0,0,0,4,2.44
1778,2021,구로구,남성,원동기,12,0,0,0,1,8.33
1779,2021,구로구,남성,자전거,39,0,0,0,0,0.0
1780,2021,구로구,남성,건설기계,10,0,0,0,0,0.0
1781,2021,구로구,남성,개인형이동수단(PM),6,0,0,0,0,0.0
1782,2021,구로구,남성,기타,1,0,0,0,0,0.0
1783,2021,구로구,여성,승용,192,0,0,0,0,0.0
1784,2021,구로구,여성,승합,4,0,0,0,0,0.0
1785,2021,구로구,여성,화물,4,0,0,0,0,0.0
1786,2021,구로구,여성,이륜,2,0,0,0,0,0.0
1787,2021,구로구,여성,원동기,1,0,0,0,0,0.0
1788,2021,구로구,여성,자전거,28,0,0,0,0,0.0
1789,2021,구로구,여성,개인형이동수단(PM),3,0,0,0,0,0.0
1790,2021,구로구,알수없음,이륜,1,0,0,0,0,0.0
1791,2021,구로구,알수없음,자전거,1,0,0,0,0,0.0
1792,2021,구로구,알수없음,기타,12,0,0,0,0,0.0
1793,2021,금천구,남성,승용,381,0,0,0,4,1.05
1794,2021,금천구,남성,승합,75,0,0,0,0,0.0
1795,2021,금천구,남성,화물,77,0,0,7,5,6.49
1796,2021,금천구,남성,특수,1,0,0,0,0,0.0
1797,2021,금천구,남성,이륜,102,0,0,0,3,2.94
1798,2021,금천구,남성,원동기,3,0,0,0,0,0.0
1799,2021,금천구,남성,자전거,27,0,0,0,1,3.7
1800,2021,금천구,남성,건설기계,9,0,0,0,0,0.0
1801,2021,금천구,남성,개인형이동수단(PM),2,0,0,0,0,0.0
1802,2021,금천구,남성,기타,2,0,0,0,1,50.0
1803,2021,금천구,여성,승용,117,0,0,0,1,0.85
1804,2021,금천구,여성,승합,8,0,0,0,1,12.5
1805,2021,금천구,여성,이륜,3,0,0,0,0,0.0
1806,2021,금천구,여성,자전거,3,0,0,0,0,0.0
1807,2021,금천구,여성,개인형이동수단(PM),1,0,0,0,0,0.0
1808,2021,금천구,알수없음,승용,3,0,0,0,0,0.0
1809,2021,금천구,알수없음,기타,13,0,0,0,0,0.0
1810,2021,노원구,남성,승용,595,0,0,0,3,0.5
1811,2021,노원구,남성,승합,84,0,0,0,0,0.0
1812,2021,노원구,남성,화물,97,0,0,9,1,1.03
1813,2021,노원구,남성,특수,3,0,0,0,0,0.0
1814,2021,노원구,남성,이륜,168,0,0,0,2,1.19
1815,2021,노원구,남성,원동기,11,0,0,0,0,0.0
1816,2021,노원구,남성,자전거,84,0,0,0,0,0.0
1817,2021,노원구,남성,건설기계,11,0,0,0,0,0.0
1818,2021,노원구,남성,개인형이동수단(PM),13,0,0,0,1,7.69
1819,2021,노원구,남성,기타,1,0,0,0,0,0.0
1820,2021,노원구,여성,승용,268,0,0,0,0,0.0
1821,2021,노원구,여성,승합,4,0,0,0,0,0.0
1822,2021,노원구,여성,화물,7,0,0,0,1,14.29
1823,2021,노원구,여성,이륜,4,0,0,0,0,0.0
1824,2021,노원구,여성,원동기,4,0,0,0,0,0.0
1825,2021,노원구,여성,자전거,33,0,0,0,0,0.0
1826,2021,노원구,여성,개인형이동수단(PM),5,0,0,0,0,0.0
1827,2021,노원구,여성,기타,1,0,0,0,0,0.0
1828,2021,노원구,알수없음,이륜,1,0,0,0,0,0.0
1829,2021,노원구,알수없음,자전거,3,0,0,0,0,0.0
1830,2021,노원구,알수없음,기타,16,0,0,0,0,0.0
1831,2021,도봉구,남성,승용,233,0,0,0,0,0.0
1832,2021,도봉구,남성,승합,53,0,0,0,0,0.0
1833,2021,도봉구,남성,화물,51,0,0,5,0,0.0
1834,2021,도봉구,남성,특수,1,0,0,0,0,0.0
1835,2021,도봉구,남성,이륜,80,0,0,0,0,0.0
1836,2021,도봉구,남성,원동기,11,0,0,0,0,0.0
1837,2021,도봉구,남성,자전거,38,0,0,0,1,2.63
1838,2021,도봉구,남성,건설기계,7,0,0,0,0,0.0
1839,2021,도봉구,남성,개인형이동수단(PM),1,0,0,0,0,0.0
1840,2021,도봉구,여성,승용,94,0,0,0,1,1.06
1841,2021,도봉구,여성,승합,5,0,0,0,0,0.0
1842,2021,도봉구,여성,이륜,1,0,0,0,0,0.0
1843,2021,도봉구,여성,원동기,1,0,0,0,0,0.0
1844,2021,도봉구,여성,자전거,5,0,0,0,1,20.0
1845,2021,도봉구,여성,개인형이동수단(PM),2,0,0,0,0,0.0
1846,2021,도봉구,알수없음,이륜,1,0,0,0,0,0.0
1847,2021,도봉구,알수없음,기타,7,0,0,0,0,0.0
1848,2021,강남구,남성,승용,1964,0,0,0,5,0.25
1849,2021,강남구,남성,승합,148,0,0,0,0,0.0
1850,2021,강남구,남성,화물,200,0,0,15,2,1.0
1851,2021,강남구,남성,특수,8,0,0,0,0,0.0
1852,2021,강남구,남성,이륜,375,0,0,0,2,0.53
1853,2021,강남구,남성,원동기,7,0,0,0,0,0.0
1854,2021,강남구,남성,자전거,71,0,0,0,0,0.0
1855,2021,강남구,남성,건설기계,19,0,0,0,0,0.0
1856,2021,강남구,남성,사륜오토바이(AVT),1,0,0,0,0,0.0
1857,2021,강남구,남성,개인형이동수단(PM),57,0,0,0,0,0.0
1858,2021,강남구,남성,기타,2,0,0,0,0,0.0
1859,2021,강남구,여성,승용,812,0,0,0,1,0.12
1860,2021,강남구,여성,승합,9,0,0,0,0,0.0
1861,2021,강남구,여성,화물,5,0,0,0,0,0.0
1862,2021,강남구,여성,이륜,5,0,0,0,0,0.0
1863,2021,강남구,여성,자전거,23,0,0,0,0,0.0
1864,2021,강남구,여성,건설기계,1,0,0,0,0,0.0
1865,2021,강남구,여성,개인형이동수단(PM),23,0,0,0,0,0.0
1866,2021,강남구,여성,기타,1,0,0,0,0,0.0
1867,2021,강남구,알수없음,승용,1,0,0,0,0,0.0
1868,2021,강남구,알수없음,이륜,1,0,0,0,0,0.0
1869,2021,강남구,알수없음,원동기,1,0,0,0,0,0.0
1870,2021,강남구,알수없음,자전거,1,0,0,0,0,0.0
1871,2021,강남구,알수없음,개인형이동수단(PM),1,0,0,0,0,0.0
1872,2021,강남구,알수없음,기타,84,0,0,0,0,0.0
